lang,yyyy,mm,n_path,distance_mean_weighted,distance_mean,n_contrib,flow_id
ca,2003,12,19,2918.09171965676,3499.40027203473,23,513
ca,2004,1,21,960.297475469414,1410.70774651054,38,688
ca,2004,2,24,2577.89296483925,3173.03650415921,41,1306
ca,2004,3,27,3079.6074482422,2572.55855095517,43,595
ca,2004,4,22,592.95136777788,636.992017857935,30,744
ca,2004,5,35,1830.93611740129,1956.24733423205,38,1222
ca,2004,6,28,894.836752620415,924.38484172178,60,803
ca,2004,7,26,723.955148827733,869.697117361459,38,479
ca,2004,8,58,804.572344451856,1104.34743797637,94,1107
ca,2004,9,174,2698.84749346958,2407.91258435127,420,517
ca,2004,10,103,1080.37863024491,1255.25245809276,220,201
ca,2004,11,126,2170.35682110119,2248.00921303972,246,269
ca,2004,12,108,2691.31926625617,2697.9491457383,225,1340
ca,2005,1,92,3102.08471778149,3078.43552469491,147,354
ca,2005,2,112,2531.0266126819,2965.07889052677,226,470
ca,2005,3,231,2052.83910400429,2112.02354782668,388,242
ca,2005,4,171,2298.63325062272,3205.25110110186,403,386
ca,2005,5,142,1822.98835961023,1949.37099104132,202,965
ca,2005,6,234,2011.03169857489,2431.98898115849,359,6
ca,2005,7,222,1847.59448754666,2246.14385034478,343,165
ca,2005,8,226,1783.64711008759,1710.10237339594,363,160
ca,2005,9,305,2465.31235385442,3057.41906718015,458,1328
ca,2005,10,292,1589.36354254808,2078.70164444768,494,535
ca,2005,11,246,1462.65804625626,1922.86868964924,454,619
ca,2005,12,552,1586.68536170556,1669.9023138764,933,541
ca,2006,1,409,1448.95450715887,1584.98895836605,741,240
ca,2006,2,288,1764.89113489363,2138.91452097154,468,738
ca,2006,3,396,1981.66325845806,2785.65446048903,671,351
ca,2006,4,315,2012.92098811177,2172.20526595683,432,174
ca,2006,5,384,1930.64461037551,2249.50982016241,542,909
ca,2006,6,342,1738.36664117164,2273.38346512584,506,1269
ca,2006,7,329,1994.90781054506,2126.31589400055,472,406
ca,2006,8,370,2245.04424898381,2341.00872738266,550,1146
ca,2006,9,383,2247.83003773788,2585.76384827719,548,458
ca,2006,10,422,1675.06600698457,2073.02720879454,638,758
ca,2006,11,366,1749.53122227734,1968.19474357714,568,677
ca,2006,12,566,1377.72604076335,1665.32024822302,855,751
ca,2007,1,572,1751.25285432476,2196.44616760048,1070,1073
ca,2007,2,395,2083.38860827834,1973.17486867861,642,1215
ca,2007,3,589,1460.19586362237,1734.59935862429,1000,825
ca,2007,4,576,1472.09267402636,1757.13252020685,881,1013
ca,2007,5,548,1582.54491693498,1822.22938366185,887,442
ca,2007,6,565,1517.59229271017,1559.67715438859,942,623
ca,2007,7,376,1459.65379145556,1873.09759931602,692,943
ca,2007,8,446,1570.25626833243,1660.81450447769,795,643
ca,2007,9,809,1176.54043156905,1420.27489272119,1289,900
ca,2007,10,568,2052.26187708782,2615.24520929677,874,56
ca,2007,11,531,1656.85798270981,2273.5481969378,927,1127
ca,2007,12,534,1341.20692466679,1518.42878792219,838,1181
ca,2008,1,846,1508.00641130063,1596.39156809629,1280,141
ca,2008,2,675,1594.93602737406,1863.58857640952,1176,925
ca,2008,3,553,1851.69550341192,2312.64364437139,895,2
ca,2008,4,427,1079.93273585535,1468.18024041165,748,126
ca,2008,5,517,1251.86659411715,1513.20207227515,793,765
ca,2008,6,349,1830.63051520216,1707.73491524979,566,233
ca,2008,7,305,1089.19346198576,1475.35405229767,475,1207
ca,2008,8,152,1149.04828150451,1267.13289159056,206,297
cs,2003,3,2,82.1232546849337,102.654068356167,5,227
cs,2003,4,3,2863.16140223848,5633.03305395613,6,413
cs,2003,5,9,2248.03241729036,3026.55158305523,13,1039
cs,2003,6,5,954.232264128687,886.40910575728,6,1166
cs,2003,7,1,1802.70266440411,1802.70266440411,1,1341
cs,2003,8,5,2195.27142813576,2374.98414520113,6,1266
cs,2003,9,8,172.489232501276,311.004653147087,22,178
cs,2003,10,6,6199.06376021419,6199.06376021419,6,471
cs,2003,11,7,786.848981071286,1079.57064853296,11,559
cs,2003,12,11,2097.16045522953,2173.72677563824,17,475
cs,2004,1,18,5000.63120674669,5794.75713613102,23,663
cs,2004,2,23,3313.27111553193,2434.54599397722,29,1337
cs,2004,3,22,2214.09627898652,2906.60746108309,30,572
cs,2004,4,13,5719.33637617606,3370.78308668049,20,782
cs,2004,5,24,1872.93246396183,1889.40023126376,27,1245
cs,2004,6,15,2937.47971553606,2756.26480774172,17,838
cs,2004,7,17,976.506840234767,1248.65438584466,27,516
cs,2004,8,23,1677.19273563718,2107.48634245245,34,1086
cs,2004,9,21,1481.55882684674,1775.73497847275,27,467
cs,2004,10,46,1304.78283094307,1607.62869430975,66,185
cs,2004,11,32,1744.0925371627,2175.78470146349,50,1366
cs,2004,12,44,3753.10294890795,3266.83545501753,61,1326
cs,2005,1,66,1378.11947575953,2153.86255917676,129,300
cs,2005,2,54,1437.32019033003,1915.36257337203,94,511
cs,2005,3,94,1979.41971287638,2169.66069927961,134,1351
cs,2005,4,123,2503.84056500721,2990.62133896992,167,446
cs,2005,5,95,2246.95325948484,2129.69044988339,144,1035
cs,2005,6,134,1715.26044130239,1745.90958875753,214,20
cs,2005,7,85,2724.27023325526,2602.57107671238,133,196
cs,2005,8,157,3254.13741587214,3037.7030733509,228,142
cs,2005,9,139,1954.96769842527,2367.40090614225,203,1318
cs,2005,10,213,1910.69473822679,2221.31636950896,359,484
cs,2005,11,208,1623.81388860975,2070.69346781741,349,589
cs,2005,12,324,1738.60132045782,1873.64721341374,523,494
cs,2006,1,377,1950.31299343601,2320.04554913743,677,219
cs,2006,2,242,1761.58736017755,2070.10647623335,372,790
cs,2006,3,392,1883.53122378643,2263.3531707253,709,310
cs,2006,4,334,3398.94356384162,2689.25322298332,518,193
cs,2006,5,367,2051.57338789103,2176.33618270767,542,936
cs,2006,6,377,1735.38692766358,1776.79704005427,653,1301
cs,2006,7,352,1931.67597456868,2595.21055339631,595,436
cs,2006,8,574,1348.91418185077,1637.08974420041,832,1133
cs,2006,9,519,1646.71903731093,2005.59943461259,828,384
cs,2006,10,609,1396.09674480233,1466.24497755478,973,724
cs,2006,11,726,1301.24839781896,1562.42379820229,1153,633
cs,2006,12,780,1365.78169776491,1492.6973781796,1290,718
cs,2007,1,798,1396.64841992856,1558.86502251503,1250,1095
cs,2007,2,735,1577.28565912162,1910.45775198214,1178,1188
cs,2007,3,936,1421.8394023981,1549.51008313887,1469,852
cs,2007,4,744,1456.55547162303,1712.46158674302,1169,980
cs,2007,5,959,2050.97444602035,2495.96935788166,1554,396
cs,2007,6,638,1577.93127937046,1755.57654979243,986,581
cs,2007,7,602,1312.3817247618,1598.83764633968,950,904
cs,2007,8,631,1233.06083703963,1491.68357177094,978,665
cs,2007,9,628,1360.2948988739,1718.28990302327,1021,951
cs,2007,10,744,1834.66880890895,1939.59192342275,1046,68
cs,2007,11,677,1484.67251938893,1648.54916633087,1076,1151
cs,2007,12,631,1767.34514642976,1946.1377356767,987,1196
cs,2008,1,836,1602.39075916203,1895.86959321591,1292,156
cs,2008,2,743,1516.15438752407,1743.05145474105,1136,888
cs,2008,3,859,1982.9411028966,2223.71783568403,1260,28
cs,2008,4,736,1937.47342574996,2054.11253737314,1191,106
cs,2008,5,780,1860.75173657021,1940.27139880609,1186,709
cs,2008,6,599,1444.65953061787,1591.59543462368,918,1361
cs,2008,7,587,1271.24214257074,1543.89712484531,880,1173
cs,2008,8,203,1122.89735432376,1218.92426446154,294,352
da,2002,10,4,2586.86197749439,2586.86197749439,4,263
da,2002,11,5,2831.98373368055,2831.98373368055,5,1346
da,2002,12,20,4464.24003612157,4850.78663735182,22,262
da,2003,1,8,1525.68855852145,1672.16109058133,9,1217
da,2003,2,68,4361.06723051792,4543.72214516747,75,850
da,2003,3,72,5549.24524745355,5629.39450219085,80,1184
da,2003,4,19,3819.42232101636,4211.04971896044,23,1287
da,2003,5,46,4897.33379626426,5202.52755714674,53,702
da,2003,6,24,2770.22513525631,2634.50456312855,25,205
da,2003,7,33,2834.09274874449,3039.40939907464,39,39
da,2003,8,47,2256.73216746468,2494.35261351329,64,370
da,2003,9,133,4017.41888092445,4817.27016707558,175,1141
da,2003,10,79,5240.35542394972,5866.54336041821,100,800
da,2003,11,113,3502.37028625343,4276.99293783276,180,893
da,2003,12,99,3320.98115154593,2991.87373832569,126,801
da,2004,1,107,2710.06700923341,3157.25311946837,170,997
da,2004,2,135,4309.12140106163,4368.85415683266,171,23
da,2004,3,114,3272.40031663959,3344.01644399168,151,881
da,2004,4,139,2491.08557220144,2527.71356646189,196,1119
da,2004,5,93,2826.42867944203,2909.82021046536,109,338
da,2004,6,80,3642.46104074229,3564.24927113166,93,507
da,2004,7,83,3795.39925031692,4125.64680672747,100,846
da,2004,8,114,3416.96871145499,3777.40884191065,148,736
da,2004,9,118,2779.50599697724,2535.75034416031,161,812
da,2004,10,161,2124.50447090434,2356.25228839295,200,1139
da,2004,11,169,3500.93977324104,3794.02554504275,205,62
da,2004,12,143,5328.39499580795,5315.51912495724,177,9
da,2005,1,145,3368.6929865578,3615.35875773062,220,109
da,2005,2,145,3960.85048594433,4259.25256443572,173,841
da,2005,3,126,3761.0869121251,4080.22994637236,162,55
da,2005,4,239,3850.38291763523,4166.04826327061,300,153
da,2005,5,263,2446.23472767536,2773.05504900048,381,673
da,2005,6,356,2508.13779307602,2649.70705593771,484,1335
da,2005,7,232,2965.52190491278,3130.78385342637,278,1147
da,2005,8,279,3410.78173737719,3501.49418532597,391,404
da,2005,9,232,2592.19712721684,2758.90911901403,346,1
da,2005,10,284,2591.7527786938,2793.94472651024,442,824
da,2005,11,287,3098.15673188754,3365.98277032214,430,898
da,2005,12,325,2284.8856888844,2818.86531042468,557,826
da,2006,1,457,2759.70777817422,3048.55831512312,686,1174
da,2006,2,330,2810.2351251615,3005.91577794336,444,1109
da,2006,3,442,3134.65406860515,3006.18642539446,674,1229
da,2006,4,393,2990.27380527562,3290.06219058916,611,1157
da,2006,5,426,2570.06246904123,2602.1668970092,790,622
da,2006,6,383,2310.15676181728,2468.00958002836,575,440
da,2006,7,270,2180.39696032396,2646.49868502701,369,157
da,2006,8,328,2830.89052892338,3024.59485868691,522,167
da,2006,9,418,2716.40914721492,2875.08302066304,667,1273
da,2006,10,615,2823.08142021636,2810.36081029365,1030,1056
da,2006,11,527,2861.9457631475,2801.50293102091,882,974
da,2006,12,474,2559.00091561605,2904.80161939757,757,1053
da,2007,1,572,2745.59059913167,2930.54410535862,933,763
da,2007,2,371,2879.42439148322,3048.90878300317,540,228
da,2007,3,516,2123.83315077426,2409.59920727842,847,539
da,2007,4,503,2188.06329167544,2460.14771291716,844,637
da,2007,5,478,2317.89449559154,2514.52038797909,711,136
da,2007,6,428,2257.06009965636,2434.25698919833,647,908
da,2007,7,285,2786.86242793434,2189.04922885711,446,578
da,2007,8,365,2527.26561367906,2631.67343250865,616,1020
da,2007,9,437,3324.98968898686,3281.94735226773,694,609
da,2007,10,478,2453.56909711832,2949.02209192832,922,245
da,2007,11,421,3706.59473644305,3903.9942501856,639,191
da,2007,12,417,1986.42246054543,2792.97266150233,901,241
da,2008,1,549,2697.45247143936,2856.00976558546,852,435
da,2008,2,411,3126.91365202507,3250.17949888742,586,549
da,2008,3,370,2584.75514999257,2764.88198848801,553,1329
da,2008,4,387,2382.09876863642,2242.57598697731,555,316
da,2008,5,354,2747.6076400572,2862.72422397482,508,1068
da,2008,6,305,2646.77454664938,2834.97767946876,449,51
da,2008,7,310,2749.4068714445,2911.82013650548,424,218
da,2008,8,104,2858.68623352115,3007.06705532863,169,119
de,2002,8,12,4240.66177007835,4857.4315440202,14,172
de,2002,9,94,3037.21683053997,3370.15105856797,130,1276
de,2002,10,130,2355.58321660373,2839.21610126472,181,1064
de,2002,11,210,2092.58854572123,2351.29883197503,300,972
de,2002,12,348,2723.52098831238,2670.53831269018,621,1066
de,2003,1,600,1737.22063367845,1911.07593364108,911,546
de,2003,2,524,1496.7473306751,1837.04524342283,992,283
de,2003,3,198,2041.34686625776,2044.81159930325,299,771
de,2003,4,250,1914.72430750148,2073.78892156394,431,579
de,2003,5,633,2272.70061784542,2451.98992168523,1069,1131
de,2003,6,640,2379.12021490895,2605.27079862526,1084,968
de,2003,7,623,2410.34252306689,2530.76800637655,931,636
de,2003,8,576,3120.8860980086,2618.80224673837,1021,954
de,2003,9,787,2564.68666723221,2581.74437293823,1511,674
de,2003,10,926,1907.54932057346,2273.47155573843,1502,364
de,2003,11,1445,1719.02760356006,1942.22850028475,2210,432
de,2003,12,1510,1831.86491681674,1955.70684189432,2454,358
de,2004,1,1512,2104.76090366968,2229.88423108613,2358,194
de,2004,2,2058,1914.0606657746,2150.45048418846,3383,654
de,2004,3,5094,1753.47676524742,1898.87746098563,9694,447
de,2004,4,3356,1862.04654086464,2038.76641179985,5589,216
de,2004,5,2691,1963.7800879809,2145.36003130128,4243,816
de,2004,6,4514,1762.04817522478,1985.33226655141,7728,1239
de,2004,7,6042,1522.60163021745,1634.91431150032,9616,288
de,2004,8,5720,1994.0955146357,2222.1601212303,9506,1202
de,2004,9,6317,1768.86329165392,1883.77815335789,10557,340
de,2004,10,7061,1837.31006237515,1971.54790242609,12409,676
de,2004,11,7459,1961.83741739137,2072.14055806946,13563,757
de,2004,12,6206,2204.03602477104,2325.12160328881,10620,680
de,2005,1,7107,2194.21048188821,2402.61576932347,12166,508
de,2005,2,6909,2022.12769578821,2230.67510060798,11897,292
de,2005,3,7474,2034.72141175914,2211.65893412587,12431,778
de,2005,4,9647,2085.80766095373,2260.90682742086,16399,569
de,2005,5,11043,1934.57818170559,2095.2315603881,18455,10
de,2005,6,12835,1847.97390034166,1898.71433147969,21894,992
de,2005,7,12363,1673.42973918724,1871.44279448672,23012,659
de,2005,8,16021,1777.51874288972,1864.06636595869,29379,914
de,2005,9,12893,1731.15107418936,1839.82472731068,21931,699
de,2005,10,14521,1770.16723523161,1935.53413384022,25549,323
de,2005,11,14058,1870.42189896438,2031.47039985113,24847,420
de,2005,12,15909,1815.81484181581,2016.93194599775,29585,319
de,2006,1,20252,1765.26527766726,1899.71005114796,37768,794
de,2006,2,17155,1760.80325290708,1838.92668250481,30398,1359
de,2006,3,18502,1781.23015600252,1918.94348971116,33186,519
de,2006,4,17171,1752.05418565981,1851.56987451602,30151,649
de,2006,5,19177,1939.84769250372,2041.11246400109,34596,1264
de,2006,6,17840,1831.00337578253,1887.9132841878,30962,886
de,2006,7,18988,1644.90748156664,1791.07893811973,32862,552
de,2006,8,21557,1513.96619555026,1673.36365758403,36345,1048
de,2006,9,19983,1589.66271311715,1696.03944766617,33497,596
de,2006,10,20608,1539.89750674833,1710.04201286091,35280,264
de,2006,11,21648,1669.0132721207,1814.08570166569,37228,1342
de,2006,12,19670,1624.45708466304,1779.81965196206,33799,270
de,2007,1,24207,1563.40482614604,1718.17428741881,40487,59
de,2007,2,21323,1562.01104741,1695.18478631675,36211,1098
de,2007,3,24222,1796.33962778622,2041.85455991964,39982,89
de,2007,4,21824,1581.54875453589,1715.35192874278,35837,38
de,2007,5,21777,1691.2250616313,1848.70529535903,36906,607
de,2007,6,18146,1488.74782407525,1660.62387889358,29402,412
de,2007,7,16468,1533.14022486139,1624.35833165634,25620,1285
de,2007,8,14782,1396.3712326041,1564.23213494116,21951,1323
de,2007,9,14080,1508.97974270367,1623.46028747953,21183,131
de,2007,10,14228,1522.40899048257,1652.01469820692,20806,1078
de,2007,11,14692,1572.04348238257,1760.33616465237,21178,1000
de,2007,12,13802,1401.7887705462,1601.07140134942,20756,1083
de,2008,1,16511,1658.50938621602,1808.86483666477,24474,891
de,2008,2,14697,1420.50194467352,1568.9014184664,21596,1298
de,2008,3,15705,1550.2256280236,1651.64642907506,23080,1002
de,2008,4,13964,1591.46921098789,1725.78883462662,20219,829
de,2008,5,13391,1506.9669383222,1616.35174131351,18849,259
de,2008,6,11224,1420.8398234424,1550.89239233401,15501,789
de,2008,7,12677,1232.94084018189,1385.03677418816,18476,1112
de,2008,8,4788,1365.50317336157,1468.93481726945,6848,481
en,2002,2,143,4485.8058276464,4796.52048946645,230,1137
en,2002,3,257,3511.21159692357,3789.53629273688,438,932
en,2002,4,185,3162.93601380683,4038.67729698941,314,1077
en,2002,5,246,3584.22947778156,4316.65660761758,455,273
en,2002,6,373,3516.23831950848,3931.93468277687,577,469
en,2002,7,357,4528.87984524098,4243.4252299099,581,806
en,2002,8,763,3837.12733441342,3468.8968384195,1228,795
en,2002,9,880,4053.32058628468,3857.82755774677,1370,833
en,2002,10,1254,3085.9459328466,3019.23294000128,1619,43
en,2002,11,849,3920.48755151792,3782.81763063746,1140,1208
en,2002,12,679,4537.37974693496,4360.8698338244,1057,1165
en,2003,1,777,3856.69429303494,3917.1343650266,1258,372
en,2003,2,573,3447.42812676869,3648.73215831919,984,613
en,2003,3,556,3657.0940792082,3992.8509728476,920,1322
en,2003,4,875,4766.20893973493,5227.80353107445,1379,334
en,2003,5,857,3929.35215194931,4339.67974563069,1266,1124
en,2003,6,928,4224.4159848871,3814.19814601201,1444,77
en,2003,7,1353,4304.88151977765,4528.23325866723,2002,268
en,2003,8,1491,4616.1224298753,4254.38590585633,2390,91
en,2003,9,1519,3479.22348672276,3753.56750623244,2510,1372
en,2003,10,1614,3534.4372917776,3566.4812330094,2534,553
en,2003,11,1658,3711.58907560902,3795.14252236285,2414,476
en,2003,12,1707,3463.65650377258,3552.27067198662,2635,556
en,2004,1,1818,3878.12671783581,3707.46870463538,2899,731
en,2004,2,2796,3985.05875387659,3917.68758484441,4753,235
en,2004,3,4492,3617.46621549274,3799.55400844663,6923,461
en,2004,4,3965,3590.52745440967,3791.32401549359,6251,706
en,2004,5,4215,3782.82527888024,3955.18711562853,6843,150
en,2004,6,4171,3791.80353176175,3807.98474207387,6742,922
en,2004,7,4891,3594.28519235457,3532.00188569835,8223,604
en,2004,8,5060,3434.21894788284,3560.82220718391,7560,985
en,2004,9,6252,3463.01669680705,3838.82011716125,10103,563
en,2004,10,6652,3531.91464378705,3784.85609680796,11157,1367
en,2004,11,8230,3632.50979560305,4029.72544635679,14175,183
en,2004,12,9177,3858.15046581766,4169.4295941339,15127,224
en,2005,1,8899,3994.37609914145,4346.71396965834,14507,394
en,2005,2,8562,4028.2835690474,4381.23551880877,14028,602
en,2005,3,10813,4016.76873061304,4366.06557292646,18424,173
en,2005,4,13989,4047.26396445218,4403.6234818856,24408,348
en,2005,5,14941,3953.73665185564,4321.70184244604,26350,1094
en,2005,6,16532,3502.00447420994,3802.08458198501,29140,1206
en,2005,7,18166,3468.44132233463,3843.28702865856,33030,232
en,2005,8,20100,3528.79328111084,3829.40014468123,35581,1236
en,2005,9,20291,3856.3313179812,4156.00694419886,34487,209
en,2005,10,25052,3764.24285893197,4042.75322466291,45883,585
en,2005,11,26401,3679.57346166472,4034.31757503483,48787,487
en,2005,12,31107,3513.46982537058,3832.38288573045,60543,590
en,2006,1,34151,3535.1531270839,3885.83906268357,65174,1310
en,2006,2,31721,3725.07040413269,4113.82346493223,60234,691
en,2006,3,36853,3635.97462009792,4065.82182826917,67311,389
en,2006,4,37391,3549.37176193276,3930.85193353034,69485,244
en,2006,5,44652,3694.23900057084,3996.53314358678,83570,865
en,2006,6,37527,3275.74248814041,3655.93676387656,69934,118
en,2006,7,37485,3395.44992746376,3624.71160983432,71284,363
en,2006,8,39956,3352.20798696546,3661.57063152307,75244,47
en,2006,9,44514,3403.02301290192,3792.06545505509,81268,315
en,2006,10,49970,3570.49688854557,3931.92263192787,92647,634
en,2006,11,53200,3473.0678003384,3832.15807330317,98705,720
en,2006,12,50098,3234.18638458598,3595.56975112205,92091,629
en,2007,1,57028,3247.30035793197,3619.85072119308,105581,1031
en,2007,2,56436,3399.91518154483,3830.08684498273,104657,14
en,2007,3,62771,3342.35281996465,3759.06418586599,117787,955
en,2007,4,60650,3296.4419486365,3675.00261916277,112051,1055
en,2007,5,61245,3303.91709933683,3702.86923245474,113522,298
en,2007,6,47894,2978.11832048305,3357.29934406069,86751,496
en,2007,7,45901,2897.67390742772,3247.55003101586,83528,820
en,2007,8,45444,2993.27794449056,3308.81798891485,80883,768
en,2007,9,50782,3182.70715272783,3564.46001370929,91023,859
en,2007,10,54145,3192.57220745636,3579.88703982278,98990,1155
en,2007,11,49210,3118.37705521224,3499.28274557181,87760,66
en,2007,12,44048,3139.58228156962,3489.85337016521,76628,30
en,2008,1,51203,3143.47144372981,3539.07732804691,91224,1255
en,2008,2,50055,3231.62855194516,3575.87607360864,88410,804
en,2008,3,53799,3244.33010010792,3636.60837885029,95052,1199
en,2008,4,53466,3244.90459241012,3602.41828356827,94635,1272
en,2008,5,51240,3250.29797881859,3552.6805351082,87565,642
en,2008,6,40650,2834.57475227701,3163.21944161525,69865,164
en,2008,7,39249,2806.23038519061,3115.13134997151,68440,5
en,2008,8,15028,2903.69351052868,3131.4216959217,25099,437
eo,2002,11,20,1691.73275012467,2044.13205060308,25,561
eo,2002,12,73,1960.16853710894,2406.1865472356,115,465
eo,2003,1,34,3441.95850260043,3808.3334345486,59,1121
eo,2003,2,57,3081.53164974813,3213.1619069037,88,54
eo,2003,3,35,1813.5004687323,2064.92875498766,62,844
eo,2003,4,25,1518.57089188142,2148.46303295037,37,988
eo,2003,5,38,2917.21367122046,3457.92931347005,53,374
eo,2003,6,48,2185.38133347068,2720.79123638122,66,565
eo,2003,7,37,4455.23018502865,4384.85617966477,42,879
eo,2003,8,33,2656.70050165662,3141.06451043567,41,705
eo,2003,9,67,3062.12634741363,3625.33269773399,85,923
eo,2003,10,76,3559.48677231416,4426.80103736595,107,1214
eo,2003,11,115,5537.23884138997,5697.39544605469,133,37
eo,2003,12,110,4528.16480825388,5056.20220619391,172,85
eo,2004,1,92,4909.19302137598,4839.1261478709,136,1284
eo,2004,2,123,3673.65905192427,3905.89698053647,148,905
eo,2004,3,126,4052.10161677017,4635.82873028768,218,1163
eo,2004,4,117,2308.43903803194,2494.83050855498,171,1219
eo,2004,5,109,2453.36282976268,2911.75562083136,167,728
eo,2004,6,81,3754.23355121614,3985.56194933617,129,230
eo,2004,7,130,3578.66190147325,3265.37153521373,195,58
eo,2004,8,178,2850.58803922246,3426.5509663257,265,332
eo,2004,9,213,2530.04052431651,2893.18071061698,409,1209
eo,2004,10,222,2347.4552057121,2527.58010216713,347,928
eo,2004,11,188,3639.30778487743,3618.45267409558,278,831
eo,2004,12,326,2486.09102815554,2577.71080857146,469,926
eo,2005,1,289,1833.47533878876,1719.35900402038,436,1089
eo,2005,2,220,3544.99907541788,3354.90408132859,310,1185
eo,2005,3,125,2701.10644565989,2757.72666776765,191,848
eo,2005,4,198,2740.86134978316,3371.47162758494,333,975
eo,2005,5,185,3412.28402347527,3089.70454272759,389,401
eo,2005,6,231,3018.37575680256,3172.20332203566,461,584
eo,2005,7,206,2613.32326963694,3311.26956920553,330,901
eo,2005,8,184,2215.67922172158,2371.87892754753,256,667
eo,2005,9,186,2177.25729733756,2328.11671866074,285,949
eo,2005,10,182,2486.86482839357,2603.60548206447,257,67
eo,2005,11,145,2923.03304944446,3253.285318407,175,1158
eo,2005,12,168,2942.10000465319,3249.73796557477,214,1197
eo,2006,1,279,1878.87688153769,2404.88024463114,423,870
eo,2006,2,259,1536.45243018859,2180.8068960646,422,98
eo,2006,3,256,1845.54841324548,2666.02007684694,406,1105
eo,2006,4,250,2407.41767823311,2558.40298932022,361,897
eo,2006,5,302,2661.40826375723,2521.52441823045,456,169
eo,2006,6,399,1979.50530096139,2439.15529701996,565,639
eo,2006,7,295,2448.9700628751,2589.99946232832,411,967
eo,2006,8,301,2606.2556931062,2844.59041622821,399,625
eo,2006,9,246,2338.06897767689,2468.138361572,363,1015
eo,2006,10,375,1789.89069704111,2195.85719660707,500,1260
eo,2006,11,326,1172.33792176645,1735.898766976,526,152
eo,2006,12,340,1750.90925120012,2647.00244050135,575,127
eo,2007,1,306,2414.027059384,2556.54105522939,402,302
eo,2007,2,268,1999.48295669597,2153.03703980277,356,514
eo,2007,3,298,1939.72486844843,2508.34724147984,487,1353
eo,2007,4,363,2302.66044149895,2583.48136459568,531,451
eo,2007,5,398,1657.71342875511,1734.53806081216,544,1028
eo,2007,6,412,1965.9559582886,2588.16352616508,710,17
eo,2007,7,295,1960.99420889587,2082.82279322347,393,198
eo,2007,8,365,1810.1880463882,1864.29809005833,507,139
eo,2007,9,306,1734.68484572307,1942.70134038845,380,1319
eo,2007,10,410,3349.56101680615,3653.24544440759,517,489
eo,2007,11,364,2026.31202841871,2462.75721393369,469,586
eo,2007,12,349,2090.29098301086,2620.36882063997,471,485
eo,2008,1,1001,4161.33250740169,5271.58500017064,1356,646
eo,2008,2,427,2236.62046202979,2422.1875677334,558,207
eo,2008,3,436,2685.48221005633,2258.19032982881,575,594
eo,2008,4,336,1911.09506764875,2365.40898482384,435,750
eo,2008,5,259,2619.53078142179,2718.52918518742,327,120
eo,2008,6,195,2156.43552813785,2088.8212806939,227,861
eo,2008,7,213,2123.61104319897,2581.16307416536,307,533
eo,2008,8,55,1530.90302747062,1782.61092572118,67,1070
es,2002,10,4,937.75987804088,1013.9188045428,5,378
es,2002,11,22,6312.92789633458,5400.97382747684,36,274
es,2002,12,19,5754.0024649092,4386.17768485781,35,377
es,2003,1,27,5552.27878365663,4411.01147008616,53,36
es,2003,2,29,2590.40300862398,3111.44540683723,59,963
es,2003,3,37,3256.931738425,2997.17279826711,96,148
es,2003,4,19,5503.65842664191,5308.51898506778,34,64
es,2003,5,15,1925.23428374108,4136.70839270485,41,478
es,2003,6,40,2560.97243721758,3416.98475756789,113,280
es,2003,7,56,2872.32573424221,3197.35528710768,101,1221
es,2003,8,74,3100.6817972725,3302.90640354101,138,257
es,2003,9,159,5649.10616237309,4830.31235712933,318,115
es,2003,10,111,5794.02952997984,5411.12908062534,175,1036
es,2003,11,235,6086.13207629693,7019.42599306287,333,1123
es,2003,12,202,7372.55408176417,7400.45385902301,242,1040
es,2004,1,205,6663.52913240805,6921.44088081924,246,835
es,2004,2,355,7055.28740005457,7602.06389616008,413,1235
es,2004,3,445,5716.28428128914,6241.76067895967,735,1115
es,2004,4,292,5633.55236094414,5689.52602366114,426,887
es,2004,5,425,6747.34993103549,7521.21193096842,524,1327
es,2004,6,285,3188.71696646669,3693.4046169291,459,650
es,2004,7,299,3516.55569086282,4158.91990767984,489,1010
es,2004,8,443,3239.15724469292,4361.57100951703,824,598
es,2004,9,503,3186.83437226779,4183.93562577209,938,1052
es,2004,10,700,4527.93770345512,4648.33777365846,1148,112
es,2004,11,739,3555.51686363794,4109.47149298922,1281,1282
es,2004,12,732,3499.23755054586,4120.68479507028,1172,1246
es,2005,1,658,2730.85391523951,3149.22801726339,1079,1150
es,2005,2,578,3147.7676173017,3347.03889069197,962,1001
es,2005,3,721,3202.58448458593,3725.83013870429,1227,1303
es,2005,4,961,3134.52083773032,3765.91857496458,1899,1170
es,2005,5,1268,3271.33756404837,3785.04027826045,2648,488
es,2005,6,1357,2993.69886722036,3572.2119010403,2699,305
es,2005,7,1646,2655.48783979292,3352.01205602317,3580,104
es,2005,8,2010,2723.63428882657,3005.49006821644,4032,250
es,2005,9,1743,2530.1902671303,3083.42950199778,3496,1252
es,2005,10,2130,2422.77961147701,3145.10121696538,4307,1027
es,2005,11,2295,2697.16038817337,3131.62591259943,4734,1096
es,2005,12,2624,2938.4908374536,2810.52919355157,6214,1029
es,2006,1,3035,2683.91402346324,2872.98559341694,6738,155
es,2006,2,3020,2711.40354712359,3090.2256306891,5997,877
es,2006,3,3209,3661.47258636165,3434.75560193585,6387,18
es,2006,4,3387,3067.97605642255,3550.45056485248,6208,110
es,2006,5,4204,2756.92100065204,3327.71697323181,8222,721
es,2006,6,3915,2823.51550378384,3408.31219742191,7872,1352
es,2006,7,3974,2434.8904288574,2966.50718014852,8892,1179
es,2006,8,4434,2255.33296206411,3094.83260767619,10513,344
es,2006,9,4977,2614.13183054715,3007.77520723663,11175,75
es,2006,10,4944,2842.26027701972,3262.06387033755,10841,938
es,2006,11,4959,2598.7094414894,3216.73709485658,10868,866
es,2006,12,4558,2268.44780400188,2857.07569174608,10231,937
es,2007,1,5790,2344.09966124427,2796.36431211744,13443,588
es,2007,2,6184,2586.90160612228,2948.68701314775,13760,416
es,2007,3,6369,2463.2417502275,3184.69673287466,15267,641
es,2007,4,6560,2638.86775211156,3092.91885614238,15108,532
es,2007,5,7775,2465.4414100948,3071.56996760915,17512,1194
es,2007,6,6893,2405.47536745045,2784.5160601991,15899,1103
es,2007,7,6435,2539.34909157183,2900.36653779164,15041,748
es,2007,8,7403,2218.6372728649,2781.27826728153,17379,821
es,2007,9,7813,2418.71706466432,2964.78259029377,18461,712
es,2007,10,8491,2344.66836883112,2958.31335891605,19333,399
es,2007,11,7794,2224.56790024691,2932.12469658134,17650,299
es,2007,12,7356,2300.01889889222,2784.97364075366,15665,391
es,2008,1,8747,2095.15283709699,2675.39982684607,19072,213
es,2008,2,8198,1986.9924522042,2583.32715807154,18243,781
es,2008,3,8290,2072.78295969641,2693.22388549534,17588,290
es,2008,4,8375,2335.24755282133,2855.61638131736,17581,197
es,2008,5,7730,2165.82035769691,2780.1550736966,15859,947
es,2008,6,6017,2104.38239448391,2560.6770812628,10778,1294
es,2008,7,6251,1943.06634674068,2302.80822013192,11081,449
es,2008,8,2487,2057.66424210619,2439.89765706826,4249,1130
fi,2003,11,4,2073.83429459077,2073.83429459077,4,231
fi,2003,12,38,3110.79949635372,3134.5817548359,48,1320
fi,2004,1,69,4067.21905622446,3940.04159615754,101,278
fi,2004,2,83,3369.48242958114,3797.83974465927,118,531
fi,2004,3,149,3487.4914948408,3231.08192268925,216,225
fi,2004,4,177,3903.1728781416,3584.79221754434,246,419
fi,2004,5,68,3073.68259062894,3244.11041831849,103,1044
fi,2004,6,96,2246.23214492743,2143.85901462519,134,1160
fi,2004,7,134,2831.95881151639,3023.21236234581,196,1349
fi,2004,8,89,1507.16103926146,2694.15036387137,231,1261
fi,2004,9,154,2215.40798959736,2691.62431466675,433,184
fi,2004,10,324,3251.63841402043,3681.59420066323,477,468
fi,2004,11,224,2394.46655753707,2909.34004957025,445,560
fi,2004,12,244,3566.36535488909,3834.61839001722,351,464
fi,2005,1,233,3891.24656515565,3989.03393207691,378,644
fi,2005,2,247,4578.17689201082,3959.36519167078,547,206
fi,2005,3,319,3196.07998752812,3583.95539724259,511,592
fi,2005,4,472,3341.70476290998,3545.30121892076,742,746
fi,2005,5,471,3588.29494081181,3601.66292357728,824,125
fi,2005,6,570,2396.9693533398,2171.81039997124,750,864
fi,2005,7,549,2869.0742405094,2334.03252140542,799,529
fi,2005,8,531,2371.77243290432,2595.13073101189,941,1074
fi,2005,9,551,4270.59465726202,4537.91743757715,945,486
fi,2005,10,769,4071.67696916476,4619.50313303713,1193,1317
fi,2005,11,637,2745.25918347986,2988.86059893456,1108,211
fi,2005,12,906,3172.50290784891,3187.92410303498,1573,177
fi,2006,1,1213,3220.59508902051,3142.55784108063,2070,576
fi,2006,2,1028,2928.61660640607,2965.41634008168,1782,410
fi,2006,3,1078,3524.26797152161,3394.31341947663,1778,628
fi,2006,4,1002,2955.08167569081,3032.43856951166,1723,547
fi,2006,5,1109,2650.33380026215,2595.40148792756,1926,1200
fi,2006,6,827,1882.74587851217,2386.03711893743,1429,1097
fi,2006,7,729,2667.35393310894,2778.42845869667,1220,764
fi,2006,8,827,2421.87225580243,2700.71480460923,1354,814
fi,2006,9,1017,1858.26726863582,2098.20839922826,1783,723
fi,2006,10,992,2481.53090303403,2814.06353037229,1601,385
fi,2006,11,1265,2325.82993423633,2722.24154137292,2123,311
fi,2006,12,1071,2156.77759182967,2405.01283628804,1818,382
fi,2007,1,1504,2381.0815395323,2461.56425502015,2505,159
fi,2007,2,1216,2551.20013101188,2761.634790442,2020,889
fi,2007,3,1312,2728.2914465062,2791.95972947888,2228,27
fi,2007,4,1342,2502.89347598656,2734.56252648583,2582,105
fi,2007,5,1303,1831.28196176873,2125.88362367624,2326,711
fi,2007,6,923,1978.81082051818,2220.13948300236,1477,1363
fi,2007,7,1048,2042.39991008316,2288.03314877302,1832,1171
fi,2007,8,1124,1532.21565894158,1756.24888649628,1933,353
fi,2007,9,1334,1514.93554631497,1755.47406664622,2165,69
fi,2007,10,1225,2233.54269013426,2131.9254783041,1826,950
fi,2007,11,1298,2039.92665687794,2079.59338201545,2015,856
fi,2007,12,1174,1754.01642434475,2016.29825977632,1871,948
fi,2008,1,1493,2306.96087974506,2366.57196215694,2288,1090
fi,2008,2,1147,2536.07449068081,2611.97982431602,1919,1186
fi,2008,3,1181,2848.22664437037,2817.6601969845,1830,855
fi,2008,4,1099,2482.64072040209,2738.51571713088,1657,981
fi,2008,5,980,2256.25198370374,2508.8781140406,1488,392
fi,2008,6,797,1944.8390214943,2153.34266127826,1249,580
fi,2008,7,756,1930.05685638684,2086.27770922821,1128,906
fi,2008,8,269,1829.91433299624,1950.54720594791,386,664
fr,2002,10,2,4837.72699702269,4837.72699702269,2,1267
fr,2002,11,93,5426.07451606747,5934.58102945432,107,87
fr,2002,12,51,3507.45744070928,3494.80406760956,58,135
fr,2003,1,84,4290.72353451177,4480.96894327227,113,204
fr,2003,2,37,4047.78535037974,4385.4905528448,47,638
fr,2003,3,79,2035.5258292191,2182.60589230049,99,414
fr,2003,4,65,4248.98723402298,4047.93330445363,92,229
fr,2003,5,105,3122.90730946319,3161.9220262301,138,810
fr,2003,6,96,2559.30710072648,2928.82602410537,144,1216
fr,2003,7,99,3236.66775381015,3553.4008584968,143,284
fr,2003,8,102,4086.69301776681,2704.88337403076,182,1211
fr,2003,9,164,3232.44345784671,3624.4051404848,213,339
fr,2003,10,187,2211.14376654701,2713.32239236848,285,694
fr,2003,11,386,4007.51553849566,4262.46728085529,533,786
fr,2003,12,352,3441.39883410083,3500.31632064787,505,690
fr,2004,1,264,3045.4375792316,3398.05325192496,442,506
fr,2004,2,409,2590.64372019886,2793.2685275323,683,289
fr,2004,3,468,3082.36350763136,3557.50656754877,638,772
fr,2004,4,472,3065.31623177863,3191.43206239093,781,566
fr,2004,5,530,3697.9361777689,3688.70266392382,830,1142
fr,2004,6,939,2761.99569405203,2554.26469679839,1487,995
fr,2004,7,790,2740.9319253302,2804.23322935148,1328,655
fr,2004,8,759,3498.7578517488,3126.29162089908,1468,921
fr,2004,9,1254,2370.90611171127,2470.2334387559,2126,698
fr,2004,10,998,2594.49727327877,2961.57784993981,1719,318
fr,2004,11,1390,2572.95683121966,2815.2038265167,2641,424
fr,2004,12,1419,3366.0004827438,3363.70635565909,2695,327
fr,2005,1,1303,3046.06224425048,3319.3119566414,2234,1336
fr,2005,2,1573,3139.46356358775,3033.1175177698,2446,660
fr,2005,3,1901,2468.59668175589,2627.13236508238,3352,454
fr,2005,4,2162,2657.20416159655,2857.74962532809,3880,1354
fr,2005,5,2219,2398.96064784976,2618.46582621275,3906,813
fr,2005,6,2408,2101.74591571996,2354.90839967213,4458,108
fr,2005,7,3292,2050.95095770088,2110.39000595265,6153,294
fr,2005,8,4297,1747.84883741394,1869.48653292661,8164,72
fr,2005,9,3988,1942.08972398605,1966.00189732826,7017,345
fr,2005,10,4547,1877.58025066999,2105.87835473159,8334,683
fr,2005,11,4074,2017.01926218801,2266.7232966122,7192,755
fr,2005,12,5144,2016.95523509327,2243.42109881367,10206,675
fr,2006,1,5583,1900.80032897455,2105.18694112675,10723,441
fr,2006,2,4515,2132.67911757878,2293.94586020431,8287,554
fr,2006,3,5582,1959.09530497828,2178.52654973522,10045,189
fr,2006,4,5270,2014.67895658294,2158.61878157765,9545,303
fr,2006,5,6308,2230.15575892322,2419.41119972569,11916,1072
fr,2006,6,5979,1820.7593250019,2164.80504049941,12242,1172
fr,2006,7,5732,1780.77814916217,1980.53321940453,10444,1360
fr,2006,8,7214,2206.73514309174,2197.52630114973,14398,1257
fr,2006,9,7384,1704.93161752422,1974.26140710089,14093,249
fr,2006,10,8102,1815.18196392553,2101.99677377432,16420,612
fr,2006,11,9417,1859.54220623835,2003.58197853125,18055,537
fr,2006,12,7871,1628.28268037468,1752.57303230988,13526,621
fr,2007,1,8899,1542.7793886716,1845.61268511288,15551,907
fr,2007,2,8300,1560.32607604923,1740.07533094323,14330,1286
fr,2007,3,9295,1707.03844475599,1820.59725241109,16227,978
fr,2007,4,8320,1646.96654872009,1788.72386507103,13680,849
fr,2007,5,9257,1515.51045374497,1753.80767615214,17206,239
fr,2007,6,8286,1500.32768387601,1671.45065486325,14762,762
fr,2007,7,8189,1423.64457661025,1588.0699548282,14576,1099
fr,2007,8,8657,1569.5961999633,1674.0542828974,16107,501
fr,2007,9,7658,1869.59042874169,1921.45427361084,14318,1062
fr,2007,10,8989,1721.46182892766,1771.97609066695,16092,145
fr,2007,11,8795,1628.21540401658,1845.88337619611,15743,1230
fr,2007,12,7774,1597.94837957549,1746.57751201522,13639,1278
fr,2008,1,9640,1713.23297308709,1845.8317970824,17254,50
fr,2008,2,9430,1478.08844588398,1701.94007462454,17108,1113
fr,2008,3,14200,1307.45170566798,1518.42563115269,25337,102
fr,2008,4,10892,1503.34382159919,1627.16436914417,20417,26
fr,2008,5,10451,1649.31174063527,1589.16904934545,18423,626
fr,2008,6,8901,1341.68673586931,1464.46986710821,14974,434
fr,2008,7,8339,1399.80260680599,1425.98040218205,14253,1299
fr,2008,8,2789,1423.09435348702,1598.6209629446,4722,1314
is,2004,1,3,1689.2808464599,1778.88016275578,4,562
is,2004,2,15,1169.92757865431,1736.77308000574,23,448
is,2004,3,6,1397.76705028797,1231.08359097823,7,656
is,2004,4,17,1843.43000182636,2091.19989211148,23,509
is,2004,5,6,1817.96227360124,1817.96227360124,6,78
is,2004,6,4,2969.10289216231,2969.10289216231,4,1126
is,2004,7,18,1244.79837273724,1459.75102137514,23,773
is,2004,8,6,2368.66027529718,2716.19410033615,7,809
is,2004,9,8,5201.28408993097,5563.06972598891,9,729
is,2004,10,10,892.224722794461,1024.30881884192,12,376
is,2004,11,15,1787.2301414664,2215.38185091173,19,277
is,2004,12,10,2884.44849799554,2884.44849799554,10,381
is,2005,1,15,688.234423003015,803.855048262978,18,212
is,2005,2,9,3937.70747016004,4110.91655917903,10,780
is,2005,3,28,2521.14270147825,2650.05667608224,59,295
is,2005,4,41,5281.34779174334,5368.16570996742,49,200
is,2005,5,20,2289.36696829022,3156.32365895769,36,946
is,2005,6,52,4490.86402905049,4003.6518724973,84,1293
is,2005,7,70,5867.25776265364,5973.99915554483,99,455
is,2005,8,60,5319.16723561221,5446.63502056135,82,1129
is,2005,9,51,5349.21908933431,6644.02947974073,74,398
is,2005,10,51,4251.32534190465,4519.99873921468,65,714
is,2005,11,40,2725.94077123951,3170.95782637678,47,645
is,2005,12,48,2347.23259983756,2820.07007738718,65,710
is,2006,1,96,2746.04169772541,3041.99653574872,115,312
is,2006,2,64,3799.78819053029,3664.05969937876,92,522
is,2006,3,48,3537.99365806996,3538.75191473265,67,1362
is,2006,4,96,3157.95664192651,3899.54963534637,136,431
is,2006,5,53,2514.16066249489,3325.21251024725,86,1018
is,2006,6,54,2580.63832082168,2748.54564416094,58,29
is,2006,7,59,2695.96222121223,3027.63647096537,88,190
is,2006,8,79,4289.17374947745,4448.81015784552,92,146
is,2006,9,46,3793.05785058089,4176.12193091705,58,1308
is,2006,10,72,3371.82653137562,3495.83595009819,86,500
is,2006,11,94,3436.4268895903,3568.57585996873,108,577
is,2006,12,90,3101.55805748213,2904.10590027219,99,502
is,2007,1,56,2520.05789968157,2730.66015614439,65,857
is,2007,2,71,2457.30880246044,2699.97321589448,96,90
is,2007,3,92,2663.26991465195,2769.69242931788,131,1100
is,2007,4,69,3444.98539010384,3971.18283829218,107,903
is,2007,5,50,1923.78998192024,2091.47248756561,71,175
is,2007,6,58,1695.22724332841,1883.05349440412,70,627
is,2007,7,46,2356.21507315727,2860.3276337598,58,979
is,2007,8,60,2789.49456119175,3351.36333928164,82,620
is,2007,9,44,3346.30601195324,3675.19910444988,77,1026
is,2007,10,88,2978.83555439524,3064.26327085796,118,1254
is,2007,11,90,2597.82929144245,2822.96944834755,138,161
is,2007,12,64,2720.29453419978,3084.22167799585,81,124
is,2008,1,99,1966.55882835088,2215.98426812787,137,1154
is,2008,2,54,2597.66265836128,3001.94253102833,67,1007
is,2008,3,64,2108.97321013639,2098.17629516159,86,1302
is,2008,4,53,1912.70386833426,2266.48533999101,83,1169
is,2008,5,79,3243.21324749576,3022.03152870131,108,493
is,2008,6,66,2202.41930419244,2260.88675588889,78,308
is,2008,7,62,2386.59153132406,2653.56233990578,69,103
is,2008,8,7,1322.97548186511,1375.59829638897,9,254
it,2003,12,41,2219.92918902459,2211.63482144502,50,234
it,2004,1,55,1783.56225025865,2114.99426830345,73,439
it,2004,2,83,2149.2398792938,2365.42116205888,116,551
it,2004,3,133,2375.058448304,2960.80031097579,208,1332
it,2004,4,109,2190.11565107367,2469.88060188041,165,304
it,2004,5,135,1643.87867802121,2072.58092829382,245,1071
it,2004,6,180,1607.83633123392,1944.08551166737,323,46
it,2004,7,331,762.766309084803,944.105710623774,593,223
it,2004,8,298,1314.69992754107,1464.4173089873,497,123
it,2004,9,301,1021.71818646091,1146.40109217653,521,248
it,2004,10,465,1641.91736328453,1901.20720305179,679,617
it,2004,11,471,1495.37096618983,1782.35646274403,737,540
it,2004,12,574,1615.80604825005,1795.54730326714,972,618
it,2005,1,570,1374.83111150577,1244.38624912518,1027,798
it,2005,2,409,1749.6130440693,1934.18031747241,627,1364
it,2005,3,529,1646.19512885864,1933.07128392369,823,524
it,2005,4,870,1527.35785018748,1861.11801954443,1477,651
it,2005,5,1126,1587.47818674171,1960.36402229394,2066,1263
it,2005,6,1121,1160.10512999384,1479.79710962496,2121,884
it,2005,7,1011,1379.53398176845,1532.70489993008,1959,555
it,2005,8,1187,1209.93315362911,1481.21413036157,2084,1046
it,2005,9,1281,1007.00963928664,1236.55245209747,2198,599
it,2005,10,1427,1477.76116850142,1627.61629035968,2520,271
it,2005,11,1852,1150.0005936541,1262.73856155307,2988,1339
it,2005,12,2316,1257.76360353432,1387.08899150451,4426,265
it,2006,1,3380,1043.80320811131,1162.1802134331,6719,503
it,2006,2,2518,1287.29511159499,1449.40534779637,4715,286
it,2006,3,2457,1237.4939222065,1414.36722661216,4265,775
it,2006,4,2369,1309.32841767261,1465.77578317245,4160,567
it,2006,5,2717,1242.74130581616,1533.60992925047,5204,11
it,2006,6,2571,1356.74247246761,1648.89402458763,4753,993
it,2006,7,2570,1317.67409162336,1617.08388128156,4901,657
it,2006,8,3181,1259.47997120935,1432.06007951889,6083,918
it,2006,9,3025,1419.97008639571,1654.00241001884,5666,696
it,2006,10,3193,1496.38555087472,1938.47807724442,5923,321
it,2006,11,3623,1899.9052950852,2469.66302418671,6386,426
it,2006,12,3769,1405.15519680914,1739.28786956475,6896,324
it,2007,1,4452,1409.71235027119,1654.94278190021,8274,1223
it,2007,2,4863,1712.54997914256,2052.39754034141,8431,862
it,2007,3,4779,1544.29554109609,1785.56851033902,9142,1192
it,2007,4,4500,1527.93219041848,1791.38098234423,8761,1281
it,2007,5,5032,1286.61168187942,1509.41558537499,10444,689
it,2007,6,4692,1273.34448719563,1489.50355863502,9816,208
it,2007,7,4909,1355.90978978093,1593.45039157059,9582,33
it,2007,8,5757,1180.48726318756,1454.01107037427,11341,379
it,2007,9,5455,1447.35204276245,1660.75184583748,10084,1138
it,2007,10,5519,1534.41166588936,1744.17817646575,10535,807
it,2007,11,5291,1323.60152118545,1663.22674935282,11758,880
it,2007,12,4857,1598.36958929028,1985.09269901504,9779,808
it,2008,1,7070,1617.51284183349,1987.24138334917,13886,984
it,2008,2,6629,1322.36516179481,1524.94186279994,13206,16
it,2008,3,6923,1358.30066773808,1532.01820265766,13948,873
it,2008,4,6672,1257.31788873687,1600.20610824748,13743,1122
it,2008,5,7305,1521.13172263129,1630.63932601703,14178,335
it,2008,6,7414,1170.7707105374,1275.10143167958,14055,512
it,2008,7,7512,1184.70657302758,1224.86181061939,13703,839
it,2008,8,2363,1195.35244346866,1314.61352355384,4242,730
ja,2002,9,3,8212.9824340123,6562.33791485885,6,1234
ja,2002,10,3,2207.21380439379,3549.55650493983,5,983
ja,2002,12,2,6827.46137364214,6822.64297596731,3,976
ja,2003,1,12,5328.24809323891,5328.24809323891,12,614
ja,2003,2,66,11909.463533367,6399.39459272075,182,371
ja,2003,3,28,6802.29339137913,7183.09967361225,63,672
ja,2003,4,44,7488.47635764079,7375.85021967716,57,497
ja,2003,5,19,4677.43113248493,5558.33130087579,34,1182
ja,2003,6,44,2629.23937794905,3314.75289557305,64,1059
ja,2003,7,51,2698.84036285187,3091.07301151555,85,726
ja,2003,8,112,4008.06541070436,3600.05420627998,247,858
ja,2003,9,211,2487.35150759183,3023.72165833237,414,766
ja,2003,10,168,2687.95889166405,3043.367664424,306,443
ja,2003,11,383,3801.92517387696,4199.00986773033,695,357
ja,2003,12,712,2056.62643917689,2079.30357329249,1293,445
ja,2004,1,623,4136.8942628157,4249.85249186636,1099,236
ja,2004,2,484,2573.2202909691,3100.5421447049,988,732
ja,2004,3,815,2924.03865381739,3878.97067737498,1657,347
ja,2004,4,877,2362.1908079217,2991.47172217273,1631,176
ja,2004,5,898,3598.90297265423,4314.87040940371,1785,902
ja,2004,6,882,2268.43501175362,2980.58418040228,2293,1270
ja,2004,7,1017,1907.20079868593,2253.6645864179,2360,400
ja,2004,8,1389,1820.13116057561,2312.87629973861,3627,1143
ja,2004,9,1395,1652.33838505097,2172.90435906097,3824,450
ja,2004,10,1348,1669.48243578165,2363.78356042034,3402,749
ja,2004,11,1839,2164.65344358806,2992.57162034836,4466,686
ja,2004,12,2033,2034.83096057201,2495.79005052856,4894,745
ja,2005,1,1760,2491.92695651523,3227.67057739817,4210,603
ja,2005,2,2010,2294.33598475813,2932.2614630653,4319,395
ja,2005,3,2310,1962.92862115452,2580.49079769375,5859,695
ja,2005,4,2272,1816.32513256674,2482.14152925048,5079,463
ja,2005,5,2413,2715.1607069256,3567.64778628016,4520,57
ja,2005,6,3017,2183.46519950378,3006.39421476661,6667,1088
ja,2005,7,2876,2101.98244803321,2874.31506877661,6679,727
ja,2005,8,2844,2192.90877839847,2803.75284857347,6677,840
ja,2005,9,2908,2178.86585609236,3019.70569117012,6574,774
ja,2005,10,3177,2006.55281809183,2699.32412279236,7622,415
ja,2005,11,3378,2035.76986073179,2780.40042668197,7917,328
ja,2005,12,3321,2302.35869682806,3076.35275185462,7817,417
ja,2006,1,3659,1912.20645519739,2732.12813278336,9286,692
ja,2006,2,3362,2220.71153435488,2896.76027376407,7672,1311
ja,2006,3,3407,1934.38175917152,2835.44354268895,8712,600
ja,2006,4,3185,2000.02168886405,2570.24685799565,7763,742
ja,2006,5,3867,2419.35688812323,3147.90333096163,9411,1225
ja,2006,6,3475,2173.64552098984,2979.50738720515,8308,799
ja,2006,7,3651,2420.01465908897,3257.46195753945,8488,483
ja,2006,8,3757,2158.20547592686,2858.62617449014,9317,1111
ja,2006,9,4004,2057.76785666428,2782.61125605946,9767,523
ja,2006,10,4195,2025.11330073979,2865.10511318288,9975,203
ja,2006,11,3942,2139.13133079099,2931.72986972294,9742,260
ja,2006,12,3925,2104.51423336873,2968.16739114341,8708,1343
ja,2007,1,3646,2222.65847970464,3047.22556507032,7709,15
ja,2007,2,3594,2490.45743894045,3417.45761340532,7548,1030
ja,2007,3,3954,1993.55787773482,2713.97960639094,8595,133
ja,2007,4,3329,2043.99172112718,2881.60204015544,7331,76
ja,2007,5,3243,1982.12130802275,2733.24097992139,7082,510
ja,2007,6,3265,2420.48994834165,2845.95222261815,6651,333
ja,2007,7,3332,2546.99213069294,3103.17086392424,6589,1247
ja,2007,8,3480,2099.04129822587,2712.48341768172,7323,1373
ja,2007,9,4518,1904.72862404953,2321.25382278839,8283,93
ja,2007,10,3186,2141.40319854028,2819.83491767962,6377,1008
ja,2007,11,2836,2347.44300642845,3057.65947456822,5539,1075
ja,2007,12,2935,2680.96613009591,3234.00877336994,5331,1003
ja,2008,1,3000,2538.01353344688,3151.95329396873,5702,805
ja,2008,2,2915,2537.75657859546,3026.71816261849,5230,1256
ja,2008,3,3168,3136.96203519091,3655.45861603675,5925,1081
ja,2008,4,3127,2801.20189610527,3112.70035549642,5815,927
ja,2008,5,2749,2521.38035422616,3117.9710806228,4703,1347
ja,2008,6,2522,2633.72083283046,3281.85404547413,4397,687
ja,2008,7,2506,2793.26559529453,3425.00004491458,4614,1051
ja,2008,8,1134,3034.27230479246,3241.3853375691,1751,550
nl,2002,10,53,2501.3377908244,2433.32412692428,59,380
nl,2002,11,45,3777.1456790947,4021.6465232477,58,275
nl,2002,12,49,5935.66824323736,5322.45808521647,74,375
nl,2003,1,50,4226.44703521927,4083.87942832084,74,34
nl,2003,2,42,2167.6592567279,2464.45671231855,55,961
nl,2003,3,28,4258.67598193007,3284.36490632359,34,149
nl,2003,4,61,3577.49384382901,3503.84131563757,82,65
nl,2003,5,75,3799.82175066897,4561.27621020673,95,473
nl,2003,6,78,2613.75504895068,2962.95437503449,97,276
nl,2003,7,295,4282.20840312326,4008.4025075291,395,1224
nl,2003,8,263,2322.09471142897,2731.76410829256,353,255
nl,2003,9,424,2678.21314052606,2768.21057783107,498,114
nl,2003,10,171,2825.7989394803,2522.51227410321,219,1037
nl,2003,11,327,4071.75844657771,4054.95259174105,432,1125
nl,2003,12,228,1815.48890033075,2329.01813752094,353,1038
nl,2004,1,251,3222.08139241575,3321.09654855898,334,834
nl,2004,2,304,2254.34751329999,2771.16431154452,436,1233
nl,2004,3,443,2397.84966752351,2720.6424208437,695,1116
nl,2004,4,354,1941.50525034051,2138.42003545611,521,890
nl,2004,5,269,2352.88041333808,2468.70877420386,396,1325
nl,2004,6,452,2545.96195525542,2904.41800068336,635,648
nl,2004,7,383,2561.92726650571,2644.67805617688,568,1011
nl,2004,8,501,2210.1893919678,2443.26093541031,866,597
nl,2004,9,515,2445.15414232057,2477.3935532197,747,1049
nl,2004,10,653,2915.93952068145,2848.09845749697,1038,113
nl,2004,11,699,2153.38447533993,2654.22628773926,1162,1283
nl,2004,12,731,2549.78195941777,2869.14884181364,1099,1244
nl,2005,1,801,2786.1209114122,2868.88049605461,1243,1153
nl,2005,2,828,2353.82292702725,2550.32594722101,1262,1006
nl,2005,3,1059,2271.88593975847,2381.7626660357,1624,1300
nl,2005,4,1203,2307.8291864819,2539.57637126342,1879,1168
nl,2005,5,1218,1964.63425784664,2232.16001116552,2022,490
nl,2005,6,1258,2514.38628322021,2564.3635860916,2003,306
nl,2005,7,1170,1964.88199624346,2279.20001866701,1957,101
nl,2005,8,1895,1785.26847324532,2072.99114834775,3089,251
nl,2005,9,1249,1543.66526600143,1827.30495057448,1954,1253
nl,2005,10,1808,2016.12974465853,2179.68138037398,3082,1023
nl,2005,11,1812,2321.41634287991,2359.86053281182,3001,1092
nl,2005,12,2440,1637.79258952442,1921.30096957192,4514,1032
nl,2006,1,2975,1843.65222273014,2085.4331229166,5381,154
nl,2006,2,2255,2293.82296027504,2292.58143838144,3757,874
nl,2006,3,2552,2162.37844298264,2317.36009713745,4191,19
nl,2006,4,2379,2232.39133317717,2276.86438391574,3880,111
nl,2006,5,2719,2332.91121789716,2438.33329081623,4361,716
nl,2006,6,2667,2113.24699424364,2330.40159399916,4580,1350
nl,2006,7,2474,1636.21241412488,1786.19619424464,3592,1180
nl,2006,8,2411,1557.47781076396,1778.43022318033,3895,341
nl,2006,9,2829,2047.9448945125,2129.47354818438,4371,74
nl,2006,10,2981,1940.64317142174,2179.5907020461,4795,939
nl,2006,11,3081,2158.10406020859,2286.5025333955,4937,867
nl,2006,12,3093,1842.12857155886,1966.40081104309,4996,933
nl,2007,1,3156,1731.02728232628,1846.86229980838,4735,591
nl,2007,2,2492,1813.96696318236,1852.01295022574,3433,418
nl,2007,3,3204,2214.32928131471,2521.9562446242,4635,640
nl,2007,4,2510,1921.1045466491,2011.84734916174,3623,530
nl,2007,5,2822,1678.52160570505,1759.68810508211,4066,1195
nl,2007,6,2482,1748.50679204559,1929.8129479252,3551,1104
nl,2007,7,1979,1631.3999440865,1776.84348092228,2656,747
nl,2007,8,2180,1512.89904114374,1681.59216295478,3029,822
nl,2007,9,2570,1626.93364594128,1748.70225301222,3669,713
nl,2007,10,2833,1915.95825675614,1979.0632976694,4067,397
nl,2007,11,2495,1982.38431560987,2000.71999714861,3661,296
nl,2007,12,2340,1849.60546939222,1855.89653913323,3263,393
nl,2008,1,2758,1895.08234666673,2052.63119111755,3993,210
nl,2008,2,2433,1913.73126809321,2009.40965367717,3407,779
nl,2008,3,2856,2202.41206324133,2277.76488297932,4079,293
nl,2008,4,2691,1968.92004755885,2080.36244341034,3840,199
nl,2008,5,2604,1777.55071414091,1823.25778796016,3599,945
nl,2008,6,1999,1676.31612810067,1772.22572820433,2768,1292
nl,2008,7,1794,1653.74743238181,1785.82546655424,2444,453
nl,2008,8,695,1342.9489019317,1578.49880885056,941,1128
no,2002,12,1,11.1401169900751,11.1401169900751,1,182
no,2003,12,23,3581.58756812021,3447.15951564107,34,930
no,2004,1,61,3025.78305574282,3126.18560242488,89,1117
no,2004,2,67,3655.56252346945,3713.81286706868,77,1178
no,2004,3,61,2724.20137451937,3104.48081755116,92,837
no,2004,4,39,2265.61961163386,2452.01971811258,57,991
no,2004,5,60,2610.90349803217,2144.90645372926,111,369
no,2004,6,36,5853.01684472026,3215.7079293981,105,571
no,2004,7,83,2227.79416778594,2890.5230482441,123,872
no,2004,8,45,3170.37756549247,3583.1677361737,55,701
no,2004,9,82,1676.42725341992,1798.25134501508,104,917
no,2004,10,277,1798.20346913469,1737.19996829685,448,82
no,2004,11,241,1839.79205611627,2290.4871250538,413,1162
no,2004,12,188,3277.17356481252,3830.37617485008,278,1212
no,2005,1,164,2937.74159539758,2734.37052627612,251,1291
no,2005,2,221,2133.97040692436,2516.48637644155,298,876
no,2005,3,240,2345.49949063846,2716.87004273998,350,1145
no,2005,4,314,2943.85477794509,3236.70438352266,474,1241
no,2005,5,283,2087.12488854565,2519.62036397043,422,719
no,2005,6,290,2522.35905503716,2743.77614476998,408,215
no,2005,7,296,2311.43608288701,2487.45418334942,422,52
no,2005,8,411,2775.97121708616,2539.4436693032,638,343
no,2005,9,405,2527.83488789439,2549.9372264454,523,1205
no,2005,10,367,2600.08334260254,2525.34369161974,533,941
no,2005,11,456,2616.46209087208,2258.19059770038,715,869
no,2005,12,518,3073.14204897545,3501.64572448091,860,934
no,2006,1,623,3500.76504447874,3311.85841641182,1085,31
no,2006,2,533,3211.43667022888,3160.61516594518,846,1004
no,2006,3,721,3301.83887101922,3304.97862198559,1208,162
no,2006,4,614,3470.43697897334,3051.56692330908,1007,44
no,2006,5,709,3245.27216968707,3224.59612759212,1242,492
no,2006,6,556,2681.47907770065,2957.76919129437,968,307
no,2006,7,348,3504.24930259406,3055.16991333551,555,1232
no,2006,8,416,2139.12046631939,2458.56968107983,619,253
no,2006,9,600,2834.07594136451,2871.66758657771,948,122
no,2006,10,740,2611.84097316885,3137.67215476647,1134,1025
no,2006,11,810,3019.59489863066,3055.36822019103,1386,1093
no,2006,12,648,2630.6829050387,2908.68963985653,1028,1034
no,2007,1,931,2858.48880570444,3025.42504023522,1469,632
no,2007,2,815,3316.50993707304,3402.93875729958,1298,1345
no,2007,3,929,2993.61812756188,3182.53208804014,1608,583
no,2007,4,784,3053.50547869296,3108.79040151241,1224,760
no,2007,5,889,3492.8756389242,3489.64985811423,1419,1258
no,2007,6,581,2496.27694102504,2675.54321967712,880,851
no,2007,7,442,2730.89457639485,2924.06560024404,693,544
no,2007,8,536,2954.71599377427,2973.32492961511,748,1067
no,2007,9,600,2403.57994544344,2671.07517477969,899,498
no,2007,10,723,2745.06237297841,2921.70531757025,1133,170
no,2007,11,719,2943.24847787708,3196.28843921259,1127,1358
no,2007,12,583,2801.24457837014,2730.48274597368,840,1312
no,2008,1,910,3326.62740921516,3281.06978349801,1436,314
no,2008,2,693,2895.69026687324,3096.53108412603,1187,520
no,2008,3,801,3017.46320329432,3092.26161384135,1197,221
no,2008,4,807,3397.59475913143,3433.48942391119,1146,429
no,2008,5,697,3004.05491069489,3174.79456655406,1110,1016
no,2008,6,465,2076.48800885322,2458.65702157769,720,1149
no,2008,7,335,2080.24797847676,2359.59463362073,445,1331
no,2008,8,183,2152.17496867606,2021.16026443238,296,1279
pl,2002,11,6,1968.35096697664,2494.22334596157,8,130
pl,2002,12,224,2521.31515847377,2453.95202494804,265,86
pl,2003,1,87,1617.82879054928,2064.33903634625,123,261
pl,2003,2,61,1679.22671215473,1780.46892924498,67,722
pl,2003,3,34,1471.26120157097,1628.05932549895,68,331
pl,2003,4,47,2140.49718870809,2687.0959992555,100,180
pl,2003,5,50,2373.82156895366,2681.07152250961,74,878
pl,2003,6,60,1791.42167979788,1651.47247702626,89,1268
pl,2003,7,55,1676.17619107568,2217.59692687385,84,367
pl,2003,8,49,1235.02743392459,1739.58225812967,104,1164
pl,2003,9,77,1307.46172816693,1620.43372691315,116,409
pl,2003,10,147,2657.30550856256,3181.24035908001,203,787
pl,2003,11,202,1858.29153724285,2205.63667653515,282,693
pl,2003,12,126,2638.77963350847,2784.83552750268,166,793
pl,2004,1,118,2553.07296646858,2745.44486707193,148,608
pl,2004,2,165,2062.84263609903,2478.85563485646,251,407
pl,2004,3,205,2372.70357931415,2952.93343226155,339,704
pl,2004,4,304,2465.37382244624,3035.84244427912,519,460
pl,2004,5,197,2125.65330062382,2415.3029549118,278,1190
pl,2004,6,235,1620.38633319388,2046.80065933715,477,1085
pl,2004,7,355,1107.21125665609,1271.27349947947,546,739
pl,2004,8,282,1829.98249204075,2500.90549919228,545,843
pl,2004,9,427,2535.98824060344,2351.42696162641,1022,785
pl,2004,10,466,2223.48268131565,2544.81032390175,810,423
pl,2004,11,576,1749.26655050014,2291.59420103673,1040,317
pl,2004,12,621,2473.39209738068,3166.41666082186,966,422
pl,2005,1,689,2082.56836835892,2648.21815474068,1309,237
pl,2005,2,532,1737.92419575244,2502.03861453493,988,733
pl,2005,3,811,1777.79655748199,2137.50551652611,1537,350
pl,2005,4,960,1681.31552892195,2066.03872303998,2022,1316
pl,2005,5,1129,1936.07555162549,2285.68068047906,1999,911
pl,2005,6,1303,1362.73065354929,1612.79213251979,2948,137
pl,2005,7,1098,1250.27558237866,1704.16780904673,2076,403
pl,2005,8,1135,1384.33152897175,1977.8672431591,2261,22
pl,2005,9,1009,1310.81133292561,1657.86318645074,1793,456
pl,2005,10,1326,1225.25059218883,1688.29417257269,2411,754
pl,2005,11,1284,1529.25216458444,1984.17028057151,2408,684
pl,2005,12,1697,1480.54499573802,1800.13820712612,3371,756
pl,2006,1,2605,1258.07091644008,1705.78307415072,5303,356
pl,2006,2,3010,1857.96887748932,2414.05838485776,5197,477
pl,2006,3,3476,1972.8839061529,2467.82814573921,5635,243
pl,2006,4,3100,1796.5209066556,2263.5969016651,5168,388
pl,2006,5,2765,1496.99292218317,2009.82734350839,4830,962
pl,2006,6,2476,1633.78822168454,2130.66111784533,4328,1136
pl,2006,7,2467,1645.7112884595,2050.36601579638,4826,1305
pl,2006,8,2738,1903.3616167606,1919.28806489739,5448,1297
pl,2006,9,2584,1355.42793869187,1919.69062877225,4580,188
pl,2006,10,2861,1542.95623381585,1996.35574335652,5035,538
pl,2006,11,3118,1734.06026856041,2079.53452031235,5904,611
pl,2006,12,3317,1710.49330357023,2091.9951555197,6063,536
pl,2007,1,3392,1442.71820800563,1849.07267551404,6474,817
pl,2007,2,3419,1326.85943151687,1727.73560635468,6708,1242
pl,2007,3,4426,1658.87688308829,2218.74236671314,7843,1060
pl,2007,4,3650,1398.68677498618,1857.40566805149,6296,957
pl,2007,5,3928,1484.04554996053,1770.22257500586,7081,1333
pl,2007,6,3456,1302.76249464647,1742.58327407308,6320,668
pl,2007,7,3564,1762.11981184632,1937.28416852111,6731,1022
pl,2007,8,3349,1504.12292928575,2145.75023143605,6295,573
pl,2007,9,3326,2110.28761020213,1776.1411505173,6371,970
pl,2007,10,3449,1684.61052620274,1875.07092057794,6161,100
pl,2007,11,3129,1414.68180431542,1788.8533896406,5667,1277
pl,2007,12,3048,1615.9198560871,1993.15991411353,5184,1226
pl,2008,1,2995,1518.04924693747,1804.62762811181,4575,4
pl,2008,2,2887,1679.06084962572,1976.08533545273,4554,1043
pl,2008,3,2971,1774.59948530205,2189.72926755214,4729,143
pl,2008,4,2893,1597.1286114816,1821.48451525688,4287,70
pl,2008,5,3029,1613.48552753458,1973.52143612764,4610,528
pl,2008,6,2911,1920.43909590917,2358.43827537668,4314,361
pl,2008,7,2452,1145.84455287245,1502.91272895533,4206,1250
pl,2008,8,947,1149.80333416936,1379.96750125505,1558,1356
pt,2003,12,12,4856.19830923837,4504.69986300563,13,1218
pt,2004,1,27,4711.44774387988,4298.72125010274,35,7
pt,2004,2,69,4491.47319459092,4833.36021260653,92,1012
pt,2004,3,106,3681.99183458365,4526.99332901656,171,128
pt,2004,4,122,3790.48191783679,3892.94184719908,185,83
pt,2004,5,105,3947.79761943445,4333.51528612741,151,518
pt,2004,6,228,2906.4039120707,3946.58312828288,405,330
pt,2004,7,124,2975.4049195721,3777.02521335681,190,1249
pt,2004,8,203,4618.45218787133,5397.05566647204,364,1368
pt,2004,9,268,5130.89231877873,5241.80214377654,333,96
pt,2004,10,284,5087.52678792905,5801.859570325,463,986
pt,2004,11,451,3906.75670905372,4828.77812375727,713,1087
pt,2004,12,364,3494.7515910204,3978.98982167053,589,989
pt,2005,1,459,4138.87700096142,4520.76037251839,716,823
pt,2005,2,434,2853.99059988145,3479.18643162407,724,116
pt,2005,3,418,4088.72057182493,4602.74163840112,608,1069
pt,2005,4,755,3525.16417653742,4045.63469129645,1199,944
pt,2005,5,738,4054.30693320088,4558.81725820734,1133,186
pt,2005,6,686,4078.01757002613,4415.15885750526,1098,685
pt,2005,7,772,2993.29069674931,3793.31942448359,1394,1014
pt,2005,8,959,3879.20507569748,4420.82530546151,1711,587
pt,2005,9,808,3679.86408176998,4260.04896529967,1387,964
pt,2005,10,1147,3262.27559777243,3652.6773942746,1809,1237
pt,2005,11,1068,3651.85608365712,4023.64216265297,1782,140
pt,2005,12,1199,3021.95170146785,3558.93391093167,2161,107
pt,2006,1,1754,2939.08727482169,3448.38021325404,3295,1063
pt,2006,2,1597,2951.80050768051,3436.37293235028,2904,1210
pt,2006,3,1845,3400.52248152078,3689.85156152409,3226,819
pt,2006,4,2204,3268.9533676733,3722.28061517912,4615,1019
pt,2006,5,2417,3944.51690483255,4498.20416727706,5250,459
pt,2006,6,2439,3945.12629072427,4226.26059493451,5788,610
pt,2006,7,2320,3253.50822251478,3947.59721094207,5338,952
pt,2006,8,2568,3441.42109817993,4127.37555924368,5509,635
pt,2006,9,2741,3419.83295510214,3858.37878148056,5807,910
pt,2006,10,2920,3509.47543245204,3950.97229612213,6218,48
pt,2006,11,3324,3455.34328350092,3882.33872383269,8242,1134
pt,2006,12,2817,2953.73390428391,3606.69702428809,6518,1176
pt,2007,1,2808,2744.94930001051,3343.7410035781,6433,247
pt,2007,2,2256,2885.48957628587,3372.83851042666,4258,743
pt,2007,3,2775,3734.83966063471,4142.25556278053,4516,362
pt,2007,4,2399,3192.90149813951,3657.94491947298,4216,166
pt,2007,5,2380,3217.24208970285,3696.52164623776,4403,899
pt,2007,6,2428,3395.99787359182,3689.44152437448,4317,1271
pt,2007,7,2516,2961.80826457798,3516.86014050521,4756,387
pt,2007,8,2857,3395.49563693758,3795.29919086204,5342,1156
pt,2007,9,2927,3077.70680323881,3543.94866017277,5569,438
pt,2007,10,3058,3375.04305433293,3711.31530693594,5841,769
pt,2007,11,2787,2963.85427112535,3369.60121678563,5057,666
pt,2007,12,2813,2852.10498069078,3266.46716160093,4874,770
pt,2008,1,2654,2499.15060970603,3086.66192441685,4896,615
pt,2008,2,2397,2972.1497848585,3190.4383978941,4522,373
pt,2008,3,2635,2921.87784321735,3375.99992112554,4587,669
pt,2008,4,2809,3228.6675643263,3620.10195123809,4754,495
pt,2008,5,2802,3468.50064061381,3667.15228067885,4796,1183
pt,2008,6,2472,3422.06198077323,3718.34451918288,4424,1061
pt,2008,7,2118,2635.38111013938,3110.49879132713,3868,725
pt,2008,8,937,3594.68900721996,4027.92009887561,1680,860
ru,2002,11,4,3108.53028856128,3393.41323934964,5,969
ru,2003,1,40,1915.27803384418,2300.71349213309,73,545
ru,2003,2,9,2733.47083986932,3214.48815246667,11,282
ru,2003,3,4,1657.75010151878,1657.75010151878,4,767
ru,2003,4,10,2185.50028803507,3553.6319741393,21,574
ru,2003,5,17,2309.88616287342,2227.26784021533,24,1132
ru,2003,6,13,1308.71188399281,1406.90534915986,21,973
ru,2003,7,23,4255.36006220614,4466.82070937336,31,631
ru,2003,8,17,3131.45073367119,4016.07835002875,30,959
ru,2003,9,27,1550.56199753394,1636.953454585,30,671
ru,2003,10,9,608.830782952627,786.165896189831,14,360
ru,2003,11,36,2725.67531362273,3348.18608870919,48,433
ru,2003,12,38,2585.37924449725,2705.85320448198,61,365
ru,2004,1,57,6324.75406157172,6289.33287581012,75,195
ru,2004,2,78,3919.40513176528,4611.07982713176,102,661
ru,2004,3,67,2659.48429351236,2744.66433923109,96,452
ru,2004,4,43,2789.38097244094,3622.58811350291,63,217
ru,2004,5,37,3645.88289844037,3839.06134399514,45,815
ru,2004,6,25,4697.84127788586,4611.57973389843,29,1238
ru,2004,7,40,4272.57380913624,4847.5019257899,60,291
ru,2004,8,49,4118.73689907858,3876.07652015733,68,1201
ru,2004,9,74,2095.18590933504,2643.45141216461,109,346
ru,2004,10,134,3322.25156568376,3483.740373128,182,682
ru,2004,11,79,3163.70958210323,3355.73798975857,98,752
ru,2004,12,142,3078.7544069993,3062.41569026763,169,678
ru,2005,1,133,2575.63636045113,2708.26332936898,186,504
ru,2005,2,106,2554.98990548944,3093.97697206326,165,287
ru,2005,3,148,2790.91635706622,2716.39521619978,201,777
ru,2005,4,246,3167.49626122898,3909.73077549624,453,568
ru,2005,5,245,2004.32637169329,2692.06417332492,589,12
ru,2005,6,236,2853.11774189084,3116.67675738787,396,994
ru,2005,7,300,3395.1192812694,3149.18049953632,484,658
ru,2005,8,590,4100.1341835896,4411.30318717291,962,919
ru,2005,9,382,3073.27132283401,3833.82782281246,653,697
ru,2005,10,505,3778.03949249492,3905.70053282954,668,320
ru,2005,11,467,3219.18885773036,3495.79806129988,656,428
ru,2005,12,536,3229.61434598199,3687.27983706373,835,325
ru,2006,1,907,3024.04310592327,3185.58375047808,1425,797
ru,2006,2,646,3163.69944905227,3486.29529072285,988,1365
ru,2006,3,754,2736.12398154256,3105.80163096469,1192,525
ru,2006,4,739,2602.39035694763,3091.61792662263,1189,652
ru,2006,5,776,2922.05776911158,2998.0738143478,1281,1262
ru,2006,6,751,2436.41590819878,2740.92339477128,1329,885
ru,2006,7,745,2698.88816846237,3198.10345230821,1307,557
ru,2006,8,883,2595.77623497231,2930.03216234499,1713,1045
ru,2006,9,796,2921.60809928619,2971.59396939734,1303,601
ru,2006,10,947,2662.3174252732,2960.80633400981,1608,272
ru,2006,11,931,2565.61873624059,2925.70548244373,1618,1338
ru,2006,12,1139,2413.37588748404,2931.85745723118,2140,266
ru,2007,1,1242,2579.11586948412,2846.23086449017,2173,60
ru,2007,2,1122,2718.8981808488,2903.75718971378,2035,1101
ru,2007,3,2277,3765.59823663881,4819.90710346244,3526,94
ru,2007,4,1966,3429.26192685573,4064.78563686075,3238,41
ru,2007,5,2042,2636.1696903545,3022.29322428364,3461,605
ru,2007,6,1741,3032.32225542886,2750.37210385134,3215,408
ru,2007,7,1884,2896.45892468315,2837.05295796838,3385,1289
ru,2007,8,1694,2659.80197114507,2758.71287154663,3029,1321
ru,2007,9,1759,2765.8561036593,2730.85262295849,3139,134
ru,2007,10,2136,2178.77669299352,2510.80669998181,3678,1082
ru,2007,11,2114,2352.23011157813,2665.04449921538,3757,998
ru,2007,12,2077,2187.82608888429,2612.66187592415,3754,1079
ru,2008,1,3121,3055.87719795555,3739.83620995266,5139,894
ru,2008,2,2419,2274.61232868714,2665.46833459024,4559,1304
ru,2008,3,2871,2495.92664332592,3121.40696962931,5207,1009
ru,2008,4,2772,2311.56793105424,2786.69674549956,5345,830
ru,2008,5,2880,2442.24223574253,2885.83680783117,5256,258
ru,2008,6,2373,1980.73308470794,2502.75620958649,4494,788
ru,2008,7,2432,1933.58879849456,2455.33554602386,4759,1114
ru,2008,8,1038,1881.86211700064,2208.43166582851,1969,480
sk,2004,1,3,799.237241969887,799.237241969887,3,1175
sk,2004,2,2,500.689317147156,457.722461430732,3,1110
sk,2004,4,4,933.919928584714,906.144565342559,5,1159
sk,2004,5,4,472.154390799569,472.154390799569,4,624
sk,2004,6,6,1323.93388704208,831.987986196065,10,444
sk,2004,7,6,869.78587157334,1527.72159852279,11,158
sk,2004,8,3,5107.34685798552,3955.91654186202,6,168
sk,2004,9,15,4199.81492859732,3311.54746604994,18,1274
sk,2004,10,13,1026.38711769248,1274.27031500122,18,1058
sk,2004,11,18,1684.78999969067,2160.54238282729,24,977
sk,2004,12,24,1994.17931995271,2989.90265850386,37,1054
sk,2005,1,25,1627.01674327352,2244.90295849632,49,883
sk,2005,2,9,1932.01053014376,2266.10894375497,16,1296
sk,2005,3,33,2651.04973516697,3624.81120402784,54,999
sk,2005,4,41,4344.86791222891,4405.29558082756,48,832
sk,2005,5,54,3095.21261555815,3230.52301491161,97,256
sk,2005,6,90,1005.18605869511,1393.74723314835,129,796
sk,2005,7,89,1171.3330215744,1810.84622235214,157,1108
sk,2005,8,132,1220.03693051607,1313.95127685953,215,474
sk,2005,9,93,740.518997921826,834.513196802986,126,1076
sk,2005,10,121,996.033756163006,1477.85253593048,260,129
sk,2005,11,134,607.873977785485,819.988853859128,236,1220
sk,2005,12,173,842.420376888575,1334.58181527109,314,1265
sk,2006,1,274,845.946690659008,1184.29759870292,595,996
sk,2006,2,246,856.77115425195,1171.38106002607,469,25
sk,2006,3,307,1097.27659784315,1409.77425734293,525,882
sk,2006,4,307,1033.56445073235,1316.69970456161,518,1120
sk,2006,5,422,2234.99783509018,3001.33181773922,627,336
sk,2006,6,305,767.057412934924,971.185487147993,433,505
sk,2006,7,268,1697.15698339937,1183.12632630366,429,845
sk,2006,8,277,1087.8385758929,1607.26766409826,576,735
sk,2006,9,251,1787.15449968561,2117.42845725458,401,811
sk,2006,10,244,1270.29745270866,1585.18369764732,424,1140
sk,2006,11,269,1058.89615416526,1335.59157612787,534,61
sk,2006,12,349,1001.96043346057,1284.60705703968,580,8
sk,2007,1,341,1067.69139295121,1378.27724715634,751,1348
sk,2007,2,298,1042.41889795916,1280.68606723943,497,647
sk,2007,3,363,1805.74812008138,1684.60328513976,601,427
sk,2007,4,355,2681.46604617095,2146.29559883445,743,1369
sk,2007,5,345,1069.99864987577,1334.35187033417,603,802
sk,2007,6,328,1422.10568778362,1340.41690366097,565,95
sk,2007,7,326,1588.10991840315,1898.33547854183,624,279
sk,2007,8,281,1409.60155146239,1689.77815588086,499,84
sk,2007,9,289,1799.4599206076,1916.59899937778,474,329
sk,2007,10,353,1369.76288546619,1480.69229684661,567,707
sk,2007,11,327,1524.40562421333,1745.96839838067,551,776
sk,2007,12,334,1579.64944584529,2116.27933036252,587,703
sk,2008,1,462,1127.14207728653,1485.75373930757,933,515
sk,2008,2,412,1405.26870944938,1496.13320290897,740,301
sk,2008,3,381,1587.61356439164,1620.60966773381,619,783
sk,2008,4,397,1437.62456513422,1789.60329783711,731,564
sk,2008,5,368,1333.9959102825,1579.53792546078,646,13
sk,2008,6,319,1115.29015584061,1492.03542176562,664,987
sk,2008,7,301,829.10929493077,1167.63597526541,511,662
sk,2008,8,171,1211.89962127337,1278.39866124699,231,924
sv,2002,12,25,1651.22107686148,1847.6350627376,32,181
sv,2003,1,19,1850.29584605803,2050.88618956449,29,151
sv,2003,2,58,2739.29055724066,2674.11188343649,84,913
sv,2003,3,29,2797.12455383759,2707.94262222156,52,42
sv,2003,4,50,3119.08986410807,2978.71036516931,79,88
sv,2003,5,59,2879.01219616184,3220.7144973833,101,734
sv,2003,6,56,1581.7171810367,1879.52555081902,96,1371
sv,2003,7,105,2866.47069112583,3856.69275253914,201,1191
sv,2003,8,67,1959.92533829419,2334.21989301927,94,337
sv,2003,9,83,1776.69021412153,2337.45670016421,137,79
sv,2003,10,113,3391.68514369774,3795.59875275865,140,931
sv,2003,11,230,5560.87472703386,5549.15324424377,269,827
sv,2003,12,129,3849.05883493342,3968.28073415207,151,929
sv,2004,1,177,3317.75238384518,3348.0930669251,274,1118
sv,2004,2,190,5303.52526720891,4964.78206545342,259,1177
sv,2004,3,192,3815.08280209942,4062.44421203532,260,836
sv,2004,4,177,3016.25267487353,3075.04818156861,230,990
sv,2004,5,249,2331.7200186069,2305.12693462872,326,368
sv,2004,6,189,2971.02128043972,2816.54247084025,251,570
sv,2004,7,179,3221.8453439246,3234.9632999461,234,871
sv,2004,8,204,3173.15630448704,3558.38436706236,279,700
sv,2004,9,245,3684.57012599587,3791.75411761818,373,916
sv,2004,10,362,3560.62154489589,3594.80188498066,537,81
sv,2004,11,430,3981.3770712873,4107.49705586936,670,1161
sv,2004,12,392,4438.31445042069,4258.09615999158,519,1213
sv,2005,1,349,3807.73981917928,3888.00748196689,529,1290
sv,2005,2,380,3954.41101859279,4095.09605333876,499,875
sv,2005,3,476,3238.95171065505,3370.54961178197,663,1144
sv,2005,4,610,4308.06291059796,4200.50440047858,870,1240
sv,2005,5,616,3892.92018345996,3574.80317462864,894,717
sv,2005,6,754,3225.75349282147,3412.75052336284,1138,214
sv,2005,7,648,3868.00809933666,3849.90782622473,922,53
sv,2005,8,748,2459.55619046137,2416.61040355348,993,342
sv,2005,9,561,3309.44449626615,3288.70642808896,798,1204
sv,2005,10,724,3599.24415994752,3528.89592533178,1172,942
sv,2005,11,774,3768.65463025693,3968.48455107595,1197,868
sv,2005,12,1015,3571.88600775819,3504.4921995392,1607,935
sv,2006,1,1332,3319.24452894924,3432.31568263942,2389,32
sv,2006,2,1177,3471.29360086951,3412.92809075718,2167,1005
sv,2006,3,1473,3649.64176273378,3585.98912131541,2380,163
sv,2006,4,1129,3930.95345233279,3905.92395394655,1904,45
sv,2006,5,1463,4135.23512489022,3936.66710209858,2347,491
sv,2006,6,853,2801.68407530657,3053.97104435965,1419,309
sv,2006,7,868,3195.44712124669,3396.7397958547,1371,1231
sv,2006,8,892,2530.07498854563,2823.14452019613,1367,252
sv,2006,9,1074,3186.44989456312,3468.48104036473,1656,121
sv,2006,10,1449,3926.19129856196,3704.29699290988,2428,1024
sv,2006,11,1618,3895.93388208279,3769.33914817405,2634,1091
sv,2006,12,1332,4026.63393638625,4057.52633435337,2114,1033
sv,2007,1,1568,3627.78669096255,3634.46972890354,2168,630
sv,2007,2,1434,3540.62445219856,3542.8894942509,1943,1344
sv,2007,3,1804,4232.86972155522,4432.29305868339,2445,582
sv,2007,4,1389,4131.85257449452,4419.95509688341,1917,761
sv,2007,5,1717,3959.52290304977,3879.57036480072,2495,1259
sv,2007,6,1062,3074.59611056995,3202.94094391816,1565,853
sv,2007,7,937,3059.63366999108,2989.24205816777,1471,543
sv,2007,8,976,3764.92770548519,3255.52733836956,1578,1065
sv,2007,9,1124,3369.41467312989,3331.40786694384,1607,499
sv,2007,10,1193,3638.30980384186,3764.30908166323,1768,171
sv,2007,11,1263,4070.25908549948,4088.43359056212,1837,1357
sv,2007,12,1056,3224.34080014638,3325.5838222798,1497,1313
sv,2008,1,1391,3489.33185651337,3671.51670108514,2053,313
sv,2008,2,1273,3674.70558590021,3837.5671423331,1808,521
sv,2008,3,1493,3694.03019493679,3969.09514746682,2100,222
sv,2008,4,1566,3686.82231308977,3597.26859178552,2168,430
sv,2008,5,1194,3450.6668976915,3654.51950620968,1714,1017
sv,2008,6,769,2896.5653467938,3153.36812198295,1066,1148
sv,2008,7,667,2289.79003421663,2571.35965282404,925,1330
sv,2008,8,250,2717.24272085837,2711.18108451283,291,1280
tr,2003,12,1,9074.17966403133,9074.17966403133,2,791
tr,2004,1,2,9335.57995943722,9335.57995943722,2,606
tr,2004,2,6,4349.92474789133,4377.41011991659,9,405
tr,2004,3,10,3295.24286329128,2966.34513885527,13,708
tr,2004,4,5,5637.49962970358,4728.08736881713,6,462
tr,2004,5,9,2707.6595102112,2707.6595102112,9,1189
tr,2004,6,19,6186.11774143017,6058.40268635536,20,1084
tr,2004,7,9,1628.23951388645,2891.56168601481,17,740
tr,2004,8,19,3238.01757094849,3238.01757094849,19,842
tr,2004,9,7,2805.51849800518,3157.58316909419,10,784
tr,2004,10,21,2754.21394228783,2401.1281149288,29,425
tr,2004,11,35,1396.1207422563,1669.20419663154,84,322
tr,2004,12,66,3697.48060561659,3976.87484843543,107,421
tr,2005,1,32,2237.12710467725,2558.70810367391,45,238
tr,2005,2,27,3698.66212034593,3262.53720118785,47,737
tr,2005,3,42,3327.84237571542,3187.55521619099,59,349
tr,2005,4,75,4678.72020338689,4869.80840359505,103,1315
tr,2005,5,102,2482.66149955506,2647.34916068563,125,912
tr,2005,6,96,2909.84827600233,2864.81307154544,133,138
tr,2005,7,103,2985.68589104052,2600.25202683448,162,402
tr,2005,8,127,2083.37593298856,2677.2178014122,277,24
tr,2005,9,184,3767.25477957671,3838.90060904422,287,457
tr,2005,10,291,3549.37305324216,3429.03858396393,443,753
tr,2005,11,236,2687.21791591724,3082.89228868861,373,681
tr,2005,12,275,3058.37144750594,2848.19068301857,502,759
tr,2006,1,390,1899.19048424289,2224.67257446721,700,355
tr,2006,2,316,2374.45602139882,2711.78418770363,502,472
tr,2006,3,360,2106.49063004063,2283.272226863,602,246
tr,2006,4,325,1932.57627064645,2357.99468931133,529,390
tr,2006,5,453,2287.58091703852,2483.11222770835,792,960
tr,2006,6,399,2124.32415714063,2306.94335810929,690,1135
tr,2006,7,478,2007.05836371189,2258.83697966815,896,1307
tr,2006,8,535,2591.6910565983,2689.64387559795,957,1295
tr,2006,9,503,2173.76241183249,2443.26675539061,917,187
tr,2006,10,504,2162.32130752237,2482.76739165238,881,542
tr,2006,11,1127,2965.85627578825,2782.8417120675,1475,616
tr,2006,12,1045,2696.10372182209,2748.9102544017,1489,534
tr,2007,1,703,2108.85428454236,2470.51554015782,1139,818
tr,2007,2,677,2639.39690976239,3180.08814651893,1185,1243
tr,2007,3,982,2472.69185653697,2701.18645627073,2005,1057
tr,2007,4,1115,2261.00059796787,2315.20857989271,2007,956
tr,2007,5,1052,2308.72963293347,2438.08359280616,1913,1334
tr,2007,6,848,2355.95971692194,2299.11079593928,1407,670
tr,2007,7,755,2014.09462845625,2264.26842242103,1272,1021
tr,2007,8,874,2230.55789291356,2253.39746526652,1473,575
tr,2007,9,828,2155.57884018588,2502.95856628029,1519,971
tr,2007,10,817,1898.19613200881,2106.36974429344,1443,99
tr,2007,11,788,2214.52265725232,2361.42885910198,1312,1275
tr,2007,12,990,2114.9244375052,2254.17828476901,1666,1228
tr,2008,1,1127,2198.19473781728,2518.73808557605,2157,3
tr,2008,2,1071,2510.73414060298,2638.40611058601,2271,1042
tr,2008,3,1170,2320.57908468422,2560.1883874613,2036,144
tr,2008,4,1103,2393.38554009306,2776.0145264984,2085,71
tr,2008,5,1112,2832.10446486639,2908.15451287518,2136,527
tr,2008,6,1077,2595.06019160803,2916.13167038814,2045,359
tr,2008,7,1110,2585.81912542379,2739.51269450066,2082,1251
tr,2008,8,482,2566.48570093525,2793.50629777034,979,1355
zh,2002,12,2,6816.35733877493,6816.35733877493,2,1309
zh,2003,2,2,5287.24509210558,5287.24509210558,2,892
zh,2003,3,6,3799.09918308368,3782.81197437673,9,1152
zh,2003,4,13,6360.10543392687,4988.16850945696,27,1227
zh,2003,5,16,3144.39497836771,3062.95278047428,19,715
zh,2003,6,21,5532.50911705719,5586.25424996275,23,220
zh,2003,7,28,5286.66096591323,4805.11902686573,53,49
zh,2003,8,33,4290.58899281109,4732.27599112104,65,366
zh,2003,9,36,2844.73503383313,4209.93038199726,66,1198
zh,2003,10,58,4303.93598852804,5298.83507376592,100,953
zh,2003,11,62,4683.61600223483,5055.98539154723,93,854
zh,2003,12,44,4897.49542928086,4681.28686455439,55,958
zh,2004,1,52,5704.2621033393,4831.98792256896,88,1102
zh,2004,2,97,3996.07008730561,4274.53267540932,139,63
zh,2004,3,108,2894.62963205751,3576.89959150321,200,863
zh,2004,4,128,3540.31140793821,3754.6885183182,173,966
zh,2004,5,190,3113.65732998819,4195.14399510266,390,383
zh,2004,6,88,2650.88514491173,3845.18825460723,236,593
zh,2004,7,144,3593.5244042225,4194.77642746824,243,896
zh,2004,8,140,3513.81619208615,4274.35556051156,237,679
zh,2004,9,207,3540.79241572234,4154.50365646178,357,940
zh,2004,10,209,3443.82070388867,4359.60349602917,388,1203
zh,2004,11,190,4281.73192731299,3435.48272873922,409,21
zh,2004,12,231,2631.84392886148,2952.22786405753,440,73
zh,2005,1,299,4066.62483853553,4489.87230352573,564,147
zh,2005,2,305,2898.55292851719,3757.79251787337,614,895
zh,2005,3,365,3696.75222351259,3855.12365692547,649,35
zh,2005,4,556,4113.21106180367,4768.63903822876,924,97
zh,2005,5,529,3573.10776927489,4269.15603028083,1117,741
zh,2005,6,535,4004.14189606462,4427.44900849054,1238,1370
zh,2005,7,571,3885.02532453177,4510.29575793426,1137,1193
zh,2005,8,647,3285.2801068814,4124.40035870969,1515,326
zh,2005,9,568,2919.2242814634,3582.94965393803,1185,80
zh,2005,10,641,2969.48576652108,3664.29339725669,1364,915
zh,2005,11,370,3960.69444414881,4281.34751455937,639,847
zh,2005,12,508,4795.82241153638,5130.94514442751,1083,920
zh,2006,1,575,4656.66902062704,5211.37601213755,1348,1167
zh,2006,2,526,4565.03716835114,4879.33277081522,933,982
zh,2006,3,548,3843.60259184003,4965.56977737143,1146,1288
zh,2006,4,479,4328.52164779547,4338.68540342255,891,1187
zh,2006,5,600,4170.06219346662,4672.12309532792,1107,466
zh,2006,6,481,5142.24663162264,4990.45004568682,949,281
zh,2006,7,448,4517.87249694222,5428.94907538072,816,92
zh,2006,8,587,5803.11138543011,5186.07785247117,1225,267
zh,2006,9,633,4799.42838552055,5360.81140093235,1267,1248
zh,2006,10,605,4617.83987388115,5264.50003005339,1254,1050
zh,2006,11,768,4349.5716578488,5019.8894266068,1566,1106
zh,2006,12,600,4294.83184008526,4946.48576553437,1128,1047
zh,2007,1,594,4681.52614878963,4923.61091367283,1001,653
zh,2007,2,574,3805.16147575876,4779.29341424495,1127,192
zh,2007,3,720,4596.93005634339,5094.05503130081,1465,558
zh,2007,4,824,4555.5109769861,5169.15267045792,1577,792
zh,2007,5,734,4764.63688337406,5391.2700827883,1395,117
zh,2007,6,676,4345.1689095302,5311.90180945238,1359,828
zh,2007,7,897,5229.45144423024,6543.99465225863,1933,526
zh,2007,8,840,3843.7397824565,5314.05577284736,1839,1080
zh,2007,9,774,3745.37491063994,5481.80729633671,1901,482
zh,2007,10,803,4269.87105164708,5343.81911697502,1645,1324
zh,2007,11,831,3882.29300419475,4937.62111796041,1756,226
zh,2007,12,848,3424.07833859158,4962.42393706145,1995,179
zh,2008,1,874,4531.50648790888,4831.48623474711,1866,285
zh,2008,2,803,4669.82072856616,4929.37414591306,2536,548
zh,2008,3,761,3724.611609298,5159.59951464933,1932,1374
zh,2008,4,679,3576.40694967878,5014.31962611533,1465,411
zh,2008,5,749,3728.36347930161,4784.38833147544,1514,1041
zh,2008,6,681,4415.44711136287,5307.90224094753,1242,40
zh,2008,7,620,4467.1369780039,4770.83319859713,1071,202
zh,2008,8,374,3612.00141416708,4046.96388277998,664,132
