lang,yyyy,mm,n_path,distance_mean_weighted,distance_mean,distance_ratio,n_contrib
ca,2003,12,19,2918.09171965676,3499.40027203473,0.833883377953798,23
ca,2004,1,21,960.297475469414,1410.70774651054,0.680720353201972,38
ca,2004,2,24,2577.89296483925,3173.03650415921,0.812437222660423,41
ca,2004,3,27,3079.6074482422,2572.55855095517,1.19709906975636,43
ca,2004,4,22,592.95136777788,636.992017857935,0.930861535395444,30
ca,2004,5,35,1830.93611740129,1956.24733423205,0.935943060656004,38
ca,2004,6,28,894.836752620416,924.38484172178,0.968034861923603,60
ca,2004,7,26,723.955148827733,869.69711736146,0.832422155225848,38
ca,2004,8,58,804.572344451856,1104.34743797637,0.728550016764807,94
ca,2004,9,174,2698.84749346958,2407.91258435128,1.12082453117653,420
ca,2004,10,103,1080.37863024491,1255.25245809275,0.860686329096261,220
ca,2004,11,126,2170.35682110119,2248.00921303972,0.965457262591229,246
ca,2004,12,108,2691.31926625617,2697.9491457383,0.997542622516587,225
ca,2005,1,92,3102.08471778149,3078.43552469491,1.0076822115964,147
ca,2005,2,112,2531.02661268191,2965.07889052677,0.853611895713253,226
ca,2005,3,231,2052.83910400429,2112.02354782668,0.971977375023449,388
ca,2005,4,171,2298.63325062272,3205.25110110186,0.717146076272315,403
ca,2005,5,142,1822.98835961023,1949.37099104132,0.935167481196803,202
ca,2005,6,234,2011.03169857489,2431.98898115849,0.82690822785592,359
ca,2005,7,222,1847.59448754666,2246.14385034479,0.822562850221303,343
ca,2005,8,226,1783.64711008759,1710.10237339594,1.04300604328477,363
ca,2005,9,305,2465.31235385442,3057.41906718015,0.806337731166233,458
ca,2005,10,292,1589.36354254808,2078.70164444768,0.764594354747037,494
ca,2005,11,246,1462.65804625626,1922.86868964924,0.760664549862254,454
ca,2005,12,552,1586.68536170556,1669.90231387641,0.950166574727551,933
ca,2006,1,409,1448.95450715887,1584.98895836605,0.914173249921303,741
ca,2006,2,288,1764.89113489363,2138.91452097154,0.825134018956484,468
ca,2006,3,396,1981.66325845806,2785.65446048903,0.711381575340887,671
ca,2006,4,315,2012.92098811177,2172.20526595683,0.926671627059656,432
ca,2006,5,384,1930.64461037551,2249.50982016241,0.858251247925704,542
ca,2006,6,342,1738.36664117164,2273.38346512584,0.76466054576297,506
ca,2006,7,329,1994.90781054506,2126.31589400055,0.938199171709972,472
ca,2006,8,370,2245.04424898381,2341.00872738266,0.959007210320764,550
ca,2006,9,383,2247.83003773789,2585.76384827719,0.869309871137514,548
ca,2006,10,422,1675.06600698457,2073.02720879454,0.808028953927055,638
ca,2006,11,366,1749.53122227734,1968.19474357713,0.888901480906114,568
ca,2006,12,566,1377.72604076335,1665.32024822302,0.82730396284646,855
ca,2007,1,572,1751.25285432476,2196.44616760048,0.797311985222896,1070
ca,2007,2,395,2083.38860827834,1973.17486867861,1.05585604263931,642
ca,2007,3,589,1460.19586362237,1734.59935862429,0.841805836236703,1000
ca,2007,4,576,1472.09267402636,1757.13252020685,0.83778124705874,881
ca,2007,5,548,1582.54491693497,1822.22938366185,0.868466358365258,887
ca,2007,6,565,1517.59229271017,1559.67715438859,0.973016940358457,942
ca,2007,7,376,1459.65379145556,1873.09759931602,0.779272682848221,692
ca,2007,8,446,1570.25626833243,1660.81450447769,0.945473599910701,795
ca,2007,9,809,1176.54043156905,1420.27489272118,0.828389234787397,1289
ca,2007,10,568,2052.26187708782,2615.24520929677,0.784730192714767,874
ca,2007,11,531,1656.85798270981,2273.5481969378,0.728754281497705,927
ca,2007,12,534,1341.20692466679,1518.42878792219,0.883286022587927,838
ca,2008,1,846,1508.00641130063,1596.39156809629,0.944634412657882,1280
ca,2008,2,675,1594.93602737406,1863.58857640952,0.855841277180898,1176
ca,2008,3,553,1851.69550341192,2312.64364437139,0.800683455022851,895
ca,2008,4,427,1079.93273585535,1468.18024041165,0.735558691045015,748
ca,2008,5,517,1251.86659411715,1513.20207227515,0.827296378358066,793
ca,2008,6,349,1830.63051520216,1707.73491524979,1.07196409633307,566
ca,2008,7,305,1089.19346198576,1475.35405229767,0.738259037069429,475
ca,2008,8,152,1149.04828150451,1267.13289159056,0.906809608629272,206
cs,2003,3,2,82.1232546849337,102.654068356167,0.8,5
cs,2003,4,3,2863.16140223848,5633.03305395613,0.50828059676086,6
cs,2003,5,9,2248.03241729036,3026.55158305523,0.742770230607146,13
cs,2003,6,5,954.232264128687,886.40910575728,1.07651450998291,6
cs,2003,7,1,1802.70266440411,1802.70266440411,1,1
cs,2003,8,5,2195.27142813576,2374.98414520113,0.924330982407402,6
cs,2003,9,8,172.489232501276,311.004653147087,0.554619459084746,22
cs,2003,10,6,6199.06376021419,6199.06376021419,1,6
cs,2003,11,7,786.848981071286,1079.57064853296,0.728853625411677,11
cs,2003,12,11,2097.16045522953,2173.72677563824,0.964776474547388,17
cs,2004,1,18,5000.63120674669,5794.75713613102,0.862957858158911,23
cs,2004,2,23,3313.27111553194,2434.54599397722,1.36094003716857,29
cs,2004,3,22,2214.09627898652,2906.60746108309,0.761745887131757,30
cs,2004,4,13,5719.33637617606,3370.78308668049,1.69673818489709,20
cs,2004,5,24,1872.93246396183,1889.40023126376,0.991284129730993,27
cs,2004,6,15,2937.47971553606,2756.26480774172,1.0657465521039,17
cs,2004,7,17,976.506840234767,1248.65438584466,0.782047339363808,27
cs,2004,8,23,1677.19273563718,2107.48634245245,0.795826146937424,34
cs,2004,9,21,1481.55882684674,1775.73497847275,0.834335553901731,27
cs,2004,10,46,1304.78283094307,1607.62869430975,0.811619521075596,66
cs,2004,11,32,1744.0925371627,2175.78470146349,0.801592425936988,50
cs,2004,12,44,3753.10294890795,3266.83545501753,1.14884970503903,61
cs,2005,1,66,1378.11947575953,2153.86255917676,0.639836311694033,129
cs,2005,2,54,1437.32019033003,1915.36257337203,0.750416767202251,94
cs,2005,3,94,1979.41971287638,2169.66069927961,0.912317632675747,134
cs,2005,4,123,2503.84056500721,2990.62133896992,0.837230889909193,167
cs,2005,5,95,2246.95325948484,2129.69044988339,1.05506096419218,144
cs,2005,6,134,1715.26044130239,1745.90958875753,0.982445169181441,214
cs,2005,7,85,2724.27023325526,2602.57107671238,1.04676112696089,133
cs,2005,8,157,3254.13741587214,3037.7030733509,1.07124934112882,228
cs,2005,9,139,1954.96769842528,2367.40090614226,0.825786495795065,203
cs,2005,10,213,1910.69473822679,2221.31636950896,0.8601632637539,359
cs,2005,11,208,1623.81388860975,2070.69346781741,0.784188444039142,349
cs,2005,12,324,1738.60132045782,1873.64721341374,0.9279235215738,523
cs,2006,1,377,1950.31299343601,2320.04554913742,0.840635647934206,677
cs,2006,2,242,1761.58736017755,2070.10647623335,0.850964614816737,372
cs,2006,3,392,1883.53122378642,2263.3531707253,0.832186177636095,709
cs,2006,4,334,3398.94356384162,2689.25322298332,1.26389866703255,518
cs,2006,5,367,2051.57338789103,2176.33618270767,0.942673013568419,542
cs,2006,6,377,1735.38692766358,1776.79704005427,0.976693954651438,653
cs,2006,7,352,1931.67597456868,2595.21055339631,0.744323412233633,595
cs,2006,8,574,1348.91418185077,1637.08974420041,0.82397082177655,832
cs,2006,9,519,1646.71903731092,2005.59943461259,0.821060780578556,828
cs,2006,10,609,1396.09674480233,1466.24497755478,0.952157904152257,973
cs,2006,11,726,1301.24839781896,1562.42379820229,0.832839591483543,1153
cs,2006,12,780,1365.78169776491,1492.69737817959,0.914975612424895,1290
cs,2007,1,798,1396.64841992856,1558.86502251502,0.895939289006082,1250
cs,2007,2,735,1577.28565912162,1910.45775198214,0.825606144645258,1178
cs,2007,3,936,1421.8394023981,1549.51008313887,0.917605776090115,1469
cs,2007,4,744,1456.55547162303,1712.46158674302,0.850562420143565,1169
cs,2007,5,959,2050.97444602035,2495.96935788166,0.821714593387884,1554
cs,2007,6,638,1577.93127937046,1755.57654979243,0.89881086618355,986
cs,2007,7,602,1312.3817247618,1598.83764633968,0.820834890750987,950
cs,2007,8,631,1233.06083703963,1491.68357177095,0.826623595227858,978
cs,2007,9,628,1360.2948988739,1718.28990302327,0.791656225460273,1021
cs,2007,10,744,1834.66880890895,1939.59192342275,0.945904541441562,1046
cs,2007,11,677,1484.67251938893,1648.54916633087,0.900593412505446,1076
cs,2007,12,631,1767.34514642976,1946.1377356767,0.908129529596334,987
cs,2008,1,836,1602.39075916203,1895.86959321591,0.84520093834299,1292
cs,2008,2,743,1516.15438752407,1743.05145474104,0.86982767112249,1136
cs,2008,3,859,1982.9411028966,2223.71783568403,0.8917233432571,1260
cs,2008,4,736,1937.47342574996,2054.11253737314,0.943216786081088,1191
cs,2008,5,780,1860.75173657021,1940.27139880609,0.959016216862851,1186
cs,2008,6,599,1444.65953061787,1591.59543462368,0.907680117189734,918
cs,2008,7,587,1271.24214257074,1543.89712484531,0.823398218775822,880
cs,2008,8,203,1122.89735432376,1218.92426446154,0.92121995357915,294
da,2002,10,4,2586.86197749439,2586.86197749439,1,4
da,2002,11,5,2831.98373368055,2831.98373368055,1,5
da,2002,12,20,4464.24003612158,4850.78663735182,0.920312594610167,22
da,2003,1,8,1525.68855852145,1672.16109058133,0.912405250376348,9
da,2003,2,68,4361.06723051792,4543.72214516747,0.959800597656743,75
da,2003,3,72,5549.24524745355,5629.39450219085,0.985762366679737,80
da,2003,4,19,3819.42232101636,4211.04971896044,0.907000053649152,23
da,2003,5,46,4897.33379626426,5202.52755714674,0.941337406187645,53
da,2003,6,24,2770.22513525631,2634.50456312855,1.0515165447148,25
da,2003,7,33,2834.09274874449,3039.40939907464,0.932448504504641,39
da,2003,8,47,2256.73216746467,2494.35261351328,0.904736625944027,64
da,2003,9,133,4017.41888092445,4817.27016707558,0.833961713084343,175
da,2003,10,79,5240.35542394972,5866.54336041821,0.893261176471753,100
da,2003,11,113,3502.37028625343,4276.99293783276,0.818886151359453,180
da,2003,12,99,3320.98115154593,2991.87373832569,1.11000043518027,126
da,2004,1,107,2710.06700923341,3157.25311946837,0.858362287306804,170
da,2004,2,135,4309.12140106163,4368.85415683266,0.986327592172512,171
da,2004,3,114,3272.40031663959,3344.01644399168,0.978583799287005,151
da,2004,4,139,2491.08557220145,2527.71356646189,0.985509436375059,196
da,2004,5,93,2826.42867944203,2909.82021046536,0.971341345859305,109
da,2004,6,80,3642.46104074229,3564.24927113167,1.02194340621575,93
da,2004,7,83,3795.39925031692,4125.64680672747,0.919952537897323,100
da,2004,8,114,3416.96871145499,3777.40884191065,0.904580058569105,148
da,2004,9,118,2779.50599697724,2535.7503441603,1.09612762288618,161
da,2004,10,161,2124.50447090434,2356.25228839295,0.90164558412093,200
da,2004,11,169,3500.93977324104,3794.02554504275,0.922750712054467,205
da,2004,12,143,5328.39499580795,5315.51912495723,1.00242231671978,177
da,2005,1,145,3368.69298655779,3615.35875773062,0.931772809366322,220
da,2005,2,145,3960.85048594433,4259.25256443572,0.929940271449734,173
da,2005,3,126,3761.0869121251,4080.22994637236,0.921783076335931,162
da,2005,4,239,3850.38291763523,4166.0482632706,0.924229071367608,300
da,2005,5,263,2446.23472767536,2773.05504900048,0.882144308154675,381
da,2005,6,356,2508.13779307602,2649.70705593771,0.946571730431693,484
da,2005,7,232,2965.52190491277,3130.78385342637,0.947213874783234,278
da,2005,8,279,3410.78173737719,3501.49418532597,0.974093217595809,391
da,2005,9,232,2592.19712721684,2758.90911901403,0.939573220934233,346
da,2005,10,284,2591.7527786938,2793.94472651024,0.927632087386003,442
da,2005,11,287,3098.15673188753,3365.98277032214,0.920431548017409,430
da,2005,12,325,2284.8856888844,2818.86531042468,0.810569302631976,557
da,2006,1,457,2759.70777817422,3048.55831512312,0.905250119206845,686
da,2006,2,330,2810.2351251615,3005.91577794335,0.934901485192064,444
da,2006,3,442,3134.65406860516,3006.18642539446,1.0427344232964,674
da,2006,4,393,2990.27380527562,3290.06219058916,0.908880632660669,611
da,2006,5,426,2570.06246904122,2602.1668970092,0.987662425494354,790
da,2006,6,383,2310.15676181729,2468.00958002836,0.936040435382241,575
da,2006,7,270,2180.39696032396,2646.49868502701,0.823879857813609,369
da,2006,8,328,2830.89052892338,3024.59485868692,0.935956933469221,522
da,2006,9,418,2716.40914721492,2875.08302066304,0.944810681184598,667
da,2006,10,615,2823.08142021636,2810.36081029365,1.00452632625537,1030
da,2006,11,527,2861.94576314751,2801.50293102091,1.02157514506136,882
da,2006,12,474,2559.00091561605,2904.80161939757,0.880955483681795,757
da,2007,1,572,2745.59059913167,2930.54410535862,0.936887656497388,933
da,2007,2,371,2879.42439148322,3048.90878300318,0.944411458793131,540
da,2007,3,516,2123.83315077426,2409.59920727842,0.881405150017906,847
da,2007,4,503,2188.06329167544,2460.14771291717,0.889403217614482,844
da,2007,5,478,2317.89449559155,2514.52038797909,0.921803818601936,711
da,2007,6,428,2257.06009965636,2434.25698919833,0.927206991567342,647
da,2007,7,285,2786.86242793434,2189.04922885711,1.27309262450408,446
da,2007,8,365,2527.26561367906,2631.67343250865,0.960326453297794,616
da,2007,9,437,3324.98968898686,3281.94735226773,1.0131148772662,694
da,2007,10,478,2453.56909711832,2949.02209192832,0.831994139289057,922
da,2007,11,421,3706.59473644304,3903.9942501856,0.949436525493558,639
da,2007,12,417,1986.42246054543,2792.97266150233,0.711221591219207,901
da,2008,1,549,2697.45247143936,2856.00976558546,0.944482929975696,852
da,2008,2,411,3126.91365202507,3250.17949888742,0.962074141780616,586
da,2008,3,370,2584.75514999257,2764.88198848801,0.934851889069614,553
da,2008,4,387,2382.09876863642,2242.57598697731,1.06221540873947,555
da,2008,5,354,2747.6076400572,2862.72422397482,0.959787749391455,508
da,2008,6,305,2646.77454664937,2834.97767946876,0.933613892559939,449
da,2008,7,310,2749.4068714445,2911.82013650548,0.944222768767614,424
da,2008,8,104,2858.68623352115,3007.06705532863,0.950655965072498,169
de,2002,8,12,4240.66177007835,4857.4315440202,0.873025534512961,14
de,2002,9,94,3037.21683053997,3370.15105856797,0.901210888698421,130
de,2002,10,130,2355.58321660373,2839.21610126472,0.829659713311164,181
de,2002,11,210,2092.58854572123,2351.29883197502,0.889971328724524,300
de,2002,12,348,2723.52098831238,2670.53831269018,1.01983969874929,621
de,2003,1,600,1737.22063367845,1911.07593364108,0.909027528994415,911
de,2003,2,524,1496.7473306751,1837.04524342283,0.814758012103351,992
de,2003,3,198,2041.34686625776,2044.81159930325,0.998305597910992,299
de,2003,4,250,1914.72430750148,2073.78892156394,0.923297587132202,431
de,2003,5,633,2272.70061784542,2451.98992168523,0.926880081253929,1069
de,2003,6,640,2379.12021490896,2605.27079862526,0.913194980024482,1084
de,2003,7,623,2410.34252306689,2530.76800637655,0.952415439500484,931
de,2003,8,576,3120.8860980086,2618.80224673836,1.19172270525412,1021
de,2003,9,787,2564.68666723221,2581.74437293823,0.993392953274223,1511
de,2003,10,926,1907.54932057346,2273.47155573844,0.839046926168329,1502
de,2003,11,1445,1719.02760356006,1942.22850028475,0.885080001301614,2210
de,2003,12,1510,1831.86491681674,1955.70684189432,0.936676641700742,2454
de,2004,1,1512,2104.76090366968,2229.88423108613,0.943887971549308,2358
de,2004,2,2058,1914.06066577459,2150.45048418846,0.890074279713964,3383
de,2004,3,5094,1753.47676524742,1898.87746098562,0.923428078575049,9694
de,2004,4,3356,1862.04654086465,2038.76641179985,0.913320197001292,5589
de,2004,5,2691,1963.7800879809,2145.36003130128,0.915361552060686,4243
de,2004,6,4514,1762.04817522479,1985.33226655141,0.887533137355152,7728
de,2004,7,6042,1522.60163021745,1634.91431150032,0.931303628274067,9616
de,2004,8,5720,1994.0955146357,2222.16012123029,0.897368058937027,9506
de,2004,9,6317,1768.86329165392,1883.7781533579,0.938997667268231,10557
de,2004,10,7061,1837.31006237515,1971.54790242611,0.931912463356445,12409
de,2004,11,7459,1961.83741739138,2072.14055806947,0.946768504555087,13563
de,2004,12,6206,2204.03602477104,2325.12160328881,0.947922905044409,10620
de,2005,1,7107,2194.21048188821,2402.61576932347,0.913259002918329,12166
de,2005,2,6909,2022.12769578821,2230.67510060799,0.906509287361956,11897
de,2005,3,7474,2034.72141175913,2211.65893412587,0.919997826230533,12431
de,2005,4,9647,2085.80766095375,2260.90682742088,0.922553568177385,16399
de,2005,5,11043,1934.57818170559,2095.23156038811,0.923324284666293,18455
de,2005,6,12835,1847.97390034167,1898.71433147968,0.973276426950196,21894
de,2005,7,12363,1673.42973918726,1871.44279448672,0.894192301318102,23012
de,2005,8,16021,1777.51874288973,1864.0663659587,0.953570524821703,29379
de,2005,9,12893,1731.15107418934,1839.82472731067,0.940932605422596,21931
de,2005,10,14521,1770.16723523161,1935.53413384022,0.91456265445419,25549
de,2005,11,14058,1870.42189896438,2031.47039985114,0.920723186073222,24847
de,2005,12,15909,1815.8148418158,2016.93194599774,0.90028562709762,29585
de,2006,1,20252,1765.26527766727,1899.71005114798,0.929228792888968,37768
de,2006,2,17155,1760.80325290708,1838.92668250482,0.957516832867242,30398
de,2006,3,18502,1781.23015600252,1918.94348971116,0.92823481543515,33186
de,2006,4,17171,1752.05418565981,1851.56987451602,0.946253344134678,30151
de,2006,5,19177,1939.84769250371,2041.11246400111,0.950387461110842,34596
de,2006,6,17840,1831.00337578254,1887.9132841878,0.969855655510289,30962
de,2006,7,18988,1644.90748156664,1791.07893811973,0.918389160052017,32862
de,2006,8,21557,1513.96619555028,1673.36365758402,0.904744278799577,36345
de,2006,9,19983,1589.66271311715,1696.03944766617,0.93727932761505,33497
de,2006,10,20608,1539.89750674834,1710.04201286093,0.900502733363883,35280
de,2006,11,21648,1669.0132721207,1814.08570166571,0.920030002214448,37228
de,2006,12,19670,1624.45708466305,1779.81965196207,0.91270881455447,33799
de,2007,1,24207,1563.40482614604,1718.1742874188,0.90992214095738,40487
de,2007,2,21323,1562.01104741,1695.18478631676,0.921439986966786,36211
de,2007,3,24222,1796.33962778621,2041.85455991964,0.87975885405712,39982
de,2007,4,21824,1581.54875453589,1715.3519287428,0.921996663212445,35837
de,2007,5,21777,1691.22506163132,1848.70529535905,0.914815934090159,36906
de,2007,6,18146,1488.74782407524,1660.62387889359,0.896499106749651,29402
de,2007,7,16468,1533.14022486139,1624.35833165635,0.943843605799749,25620
de,2007,8,14782,1396.37123260411,1564.23213494116,0.892687984994396,21951
de,2007,9,14080,1508.97974270368,1623.46028747953,0.929483618626982,21183
de,2007,10,14228,1522.40899048257,1652.01469820693,0.921546879779564,20806
de,2007,11,14692,1572.04348238256,1760.33616465237,0.893035951853555,21178
de,2007,12,13802,1401.78877054619,1601.07140134942,0.875531702936379,20756
de,2008,1,16511,1658.50938621603,1808.86483666477,0.916878559745808,24474
de,2008,2,14697,1420.50194467352,1568.90141846641,0.905411855680553,21596
de,2008,3,15705,1550.2256280236,1651.64642907507,0.938594120832348,23080
de,2008,4,13964,1591.46921098789,1725.78883462663,0.922169143209344,20219
de,2008,5,13391,1506.96693832221,1616.35174131351,0.932326114300831,18849
de,2008,6,11224,1420.83982344241,1550.89239233401,0.916143396192771,15501
de,2008,7,12677,1232.94084018188,1385.03677418817,0.89018635689624,18476
de,2008,8,4788,1365.50317336156,1468.93481726945,0.929587315453419,6848
en,2002,2,143,4485.8058276464,4796.52048946645,0.935220820488017,230
en,2002,3,257,3511.21159692357,3789.53629273688,0.92655441871694,438
en,2002,4,185,3162.93601380683,4038.67729698941,0.783161362301617,314
en,2002,5,246,3584.22947778157,4316.65660761758,0.830325366038266,455
en,2002,6,373,3516.23831950848,3931.93468277687,0.894276889926662,577
en,2002,7,357,4528.87984524097,4243.4252299099,1.0672698586319,581
en,2002,8,763,3837.12733441342,3468.8968384195,1.10615204577882,1228
en,2002,9,880,4053.32058628468,3857.82755774678,1.05067438230756,1370
en,2002,10,1254,3085.9459328466,3019.23294000128,1.02209600722139,1619
en,2002,11,849,3920.48755151793,3782.81763063747,1.03639348610556,1140
en,2002,12,679,4537.37974693496,4360.8698338244,1.04047584996495,1057
en,2003,1,777,3856.69429303494,3917.13436502659,0.984570334749995,1258
en,2003,2,573,3447.42812676869,3648.73215831919,0.944829046689128,984
en,2003,3,556,3657.0940792082,3992.85097284761,0.915910487037298,920
en,2003,4,875,4766.20893973493,5227.80353107445,0.911703913776452,1379
en,2003,5,857,3929.3521519493,4339.67974563068,0.905447494346902,1266
en,2003,6,928,4224.4159848871,3814.19814601201,1.10755021715481,1444
en,2003,7,1353,4304.88151977764,4528.23325866722,0.950675743467483,2002
en,2003,8,1491,4616.1224298753,4254.38590585632,1.08502673053731,2390
en,2003,9,1519,3479.22348672276,3753.56750623243,0.926911126800263,2510
en,2003,10,1614,3534.43729177759,3566.48123300939,0.991015250287814,2534
en,2003,11,1658,3711.58907560902,3795.14252236285,0.977984108301205,2414
en,2003,12,1707,3463.65650377259,3552.27067198663,0.97505421844319,2635
en,2004,1,1818,3878.1267178358,3707.46870463538,1.04603087087075,2899
en,2004,2,2796,3985.05875387658,3917.68758484442,1.01719666705757,4753
en,2004,3,4492,3617.46621549274,3799.55400844664,0.952076535154098,6923
en,2004,4,3965,3590.52745440967,3791.32401549359,0.94703787904612,6251
en,2004,5,4215,3782.82527888023,3955.18711562854,0.956421319217178,6843
en,2004,6,4171,3791.80353176176,3807.98474207387,0.995750715560038,6742
en,2004,7,4891,3594.28519235456,3532.00188569835,1.01763399586744,8223
en,2004,8,5060,3434.21894788285,3560.8222071839,0.964445498276876,7560
en,2004,9,6252,3463.01669680704,3838.82011716125,0.902104446448481,10103
en,2004,10,6652,3531.91464378706,3784.85609680796,0.933170126802384,11157
en,2004,11,8230,3632.50979560305,4029.7254463568,0.90142860697548,14175
en,2004,12,9177,3858.15046581766,4169.42959413388,0.925342514776081,15127
en,2005,1,8899,3994.37609914146,4346.71396965834,0.918941556086661,14507
en,2005,2,8562,4028.28356904742,4381.23551880878,0.919440087562942,14028
en,2005,3,10813,4016.76873061306,4366.06557292647,0.919997343952101,18424
en,2005,4,13989,4047.26396445219,4403.62348188559,0.919075843132528,24408
en,2005,5,14941,3953.73665185563,4321.70184244603,0.914856414439238,26350
en,2005,6,16532,3502.00447420995,3802.08458198502,0.921074846888753,29140
en,2005,7,18166,3468.44132233461,3843.28702865858,0.902467418246718,33030
en,2005,8,20100,3528.79328111084,3829.40014468123,0.921500273616506,35581
en,2005,9,20291,3856.33131798122,4156.0069441989,0.927893376926143,34487
en,2005,10,25052,3764.24285893197,4042.7532246629,0.931108739452146,45883
en,2005,11,26401,3679.57346166469,4034.31757503482,0.912068371720322,48787
en,2005,12,31107,3513.46982537057,3832.38288573046,0.916784655951959,60543
en,2006,1,34151,3535.15312708387,3885.83906268355,0.909752841035703,65174
en,2006,2,31721,3725.07040413269,4113.8234649322,0.905500791632557,60234
en,2006,3,36853,3635.97462009791,4065.82182826916,0.894277903379195,67311
en,2006,4,37391,3549.37176193278,3930.85193353032,0.902952291755511,69485
en,2006,5,44652,3694.23900057081,3996.53314358675,0.924360906777156,83570
en,2006,6,37527,3275.7424881404,3655.93676387656,0.896006331539219,69934
en,2006,7,37485,3395.44992746379,3624.71160983428,0.936750366084716,71284
en,2006,8,39956,3352.20798696546,3661.57063152306,0.915510944430718,75244
en,2006,9,44514,3403.02301290194,3792.0654550551,0.897406190171495,81268
en,2006,10,49970,3570.49688854555,3931.92263192786,0.908079131454045,92647
en,2006,11,53200,3473.06780033843,3832.15807330316,0.906295547809903,98705
en,2006,12,50098,3234.18638458597,3595.56975112204,0.899492043945664,92091
en,2007,1,57028,3247.30035793198,3619.85072119302,0.897081290927308,105581
en,2007,2,56436,3399.91518154481,3830.08684498271,0.887686185496964,104657
en,2007,3,62771,3342.35281996467,3759.06418586597,0.889144918709255,117787
en,2007,4,60650,3296.44194863653,3675.00261916277,0.896990367149049,112051
en,2007,5,61245,3303.9170993368,3702.86923245476,0.892258649152058,113522
en,2007,6,47894,2978.11832048302,3357.29934406068,0.887057725654263,86751
en,2007,7,45901,2897.6739074277,3247.55003101584,0.892264593232857,83528
en,2007,8,45444,2993.27794449057,3308.81798891486,0.904636626891716,80883
en,2007,9,50782,3182.70715272785,3564.46001370926,0.892900226257792,91023
en,2007,10,54145,3192.57220745636,3579.88703982273,0.891808085546312,98990
en,2007,11,49210,3118.37705521225,3499.28274557175,0.891147495628488,87760
en,2007,12,44048,3139.58228156961,3489.85337016516,0.899631574326294,76628
en,2008,1,51203,3143.47144372979,3539.07732804691,0.888217790218378,91224
en,2008,2,50055,3231.62855194517,3575.87607360863,0.903730578303834,88410
en,2008,3,53799,3244.33010010789,3636.60837885026,0.892130733398797,95052
en,2008,4,53466,3244.90459241008,3602.41828356822,0.900757307170888,94635
en,2008,5,51240,3250.29797881856,3552.68053510818,0.914886082972721,87565
en,2008,6,40650,2834.57475227705,3163.21944161522,0.896104366009347,69865
en,2008,7,39249,2806.23038519062,3115.13134997151,0.90083854255978,68440
en,2008,8,15028,2903.69351052869,3131.4216959217,0.927276423456607,25099
eo,2002,11,20,1691.73275012467,2044.13205060308,0.8276044346673,25
eo,2002,12,73,1960.16853710894,2406.1865472356,0.814636977902201,115
eo,2003,1,34,3441.95850260043,3808.3334345486,0.903796519331926,59
eo,2003,2,57,3081.53164974813,3213.1619069037,0.959034041554906,88
eo,2003,3,35,1813.5004687323,2064.92875498766,0.878238759740227,62
eo,2003,4,25,1518.57089188142,2148.46303295037,0.706817324101706,37
eo,2003,5,38,2917.21367122046,3457.92931347005,0.84363022108541,53
eo,2003,6,48,2185.38133347068,2720.79123638122,0.803215367738889,66
eo,2003,7,37,4455.23018502865,4384.85617966477,1.01604933034982,42
eo,2003,8,33,2656.70050165662,3141.06451043567,0.845796223805711,41
eo,2003,9,67,3062.12634741363,3625.33269773399,0.844646989041202,85
eo,2003,10,76,3559.48677231416,4426.80103736595,0.804076519877238,107
eo,2003,11,115,5537.23884138997,5697.39544605469,0.971889505269356,133
eo,2003,12,110,4528.16480825388,5056.20220619391,0.895566400154413,172
eo,2004,1,92,4909.19302137598,4839.1261478709,1.01447924095467,136
eo,2004,2,123,3673.65905192427,3905.89698053647,0.940541716852885,148
eo,2004,3,126,4052.10161677017,4635.82873028768,0.874083546334706,218
eo,2004,4,117,2308.43903803194,2494.83050855498,0.925288924484495,171
eo,2004,5,109,2453.36282976268,2911.75562083136,0.842571681569277,167
eo,2004,6,81,3754.23355121614,3985.56194933617,0.941958398574493,129
eo,2004,7,130,3578.66190147325,3265.37153521373,1.0959432526685,195
eo,2004,8,178,2850.58803922246,3426.5509663257,0.831911758277203,265
eo,2004,9,213,2530.04052431651,2893.18071061698,0.874484098083513,409
eo,2004,10,222,2347.4552057121,2527.58010216713,0.928736226281968,347
eo,2004,11,188,3639.30778487743,3618.45267409558,1.0057635438847,278
eo,2004,12,326,2486.09102815554,2577.71080857146,0.964456920415095,469
eo,2005,1,289,1833.47533878876,1719.35900402038,1.06637144104375,436
eo,2005,2,220,3544.99907541787,3354.90408132859,1.05666182683053,310
eo,2005,3,125,2701.10644565989,2757.72666776765,0.979468515582223,191
eo,2005,4,198,2740.86134978316,3371.47162758494,0.812956967324829,333
eo,2005,5,185,3412.28402347528,3089.70454272759,1.1044046368469,389
eo,2005,6,231,3018.37575680256,3172.20332203565,0.951507658993817,461
eo,2005,7,206,2613.32326963694,3311.26956920552,0.789220936265831,330
eo,2005,8,184,2215.67922172158,2371.87892754753,0.934145160610091,256
eo,2005,9,186,2177.25729733756,2328.11671866074,0.935201091889426,285
eo,2005,10,182,2486.86482839358,2603.60548206447,0.955161926614808,257
eo,2005,11,145,2923.03304944446,3253.285318407,0.898486533875777,175
eo,2005,12,168,2942.10000465319,3249.73796557477,0.905334533374549,214
eo,2006,1,279,1878.87688153769,2404.88024463114,0.781276691732263,423
eo,2006,2,259,1536.45243018859,2180.8068960646,0.704533919514475,422
eo,2006,3,256,1845.54841324548,2666.02007684694,0.692248505280643,406
eo,2006,4,250,2407.41767823311,2558.40298932022,0.940984547111078,361
eo,2006,5,302,2661.40826375723,2521.52441823045,1.05547590359048,456
eo,2006,6,399,1979.50530096139,2439.15529701996,0.811553615868517,565
eo,2006,7,295,2448.9700628751,2589.99946232832,0.945548483115731,411
eo,2006,8,301,2606.2556931062,2844.59041622821,0.916214748611145,399
eo,2006,9,246,2338.06897767689,2468.138361572,0.94730061088947,363
eo,2006,10,375,1789.89069704111,2195.85719660707,0.815121629861339,500
eo,2006,11,326,1172.33792176645,1735.898766976,0.675349245053447,526
eo,2006,12,340,1750.90925120012,2647.00244050135,0.661468695460853,575
eo,2007,1,306,2414.027059384,2556.54105522939,0.944255150702986,402
eo,2007,2,268,1999.48295669597,2153.03703980277,0.928680240856022,356
eo,2007,3,298,1939.72486844843,2508.34724147984,0.773307952093609,487
eo,2007,4,363,2302.66044149895,2583.48136459568,0.891301355239049,531
eo,2007,5,398,1657.7134287551,1734.53806081216,0.955708880771933,544
eo,2007,6,412,1965.9559582886,2588.16352616508,0.759594955424471,710
eo,2007,7,295,1960.99420889587,2082.82279322347,0.941507945503587,393
eo,2007,8,365,1810.1880463882,1864.29809005833,0.970975648176287,507
eo,2007,9,306,1734.68484572307,1942.70134038845,0.892924099890828,380
eo,2007,10,410,3349.56101680615,3653.24544440759,0.916872700665016,517
eo,2007,11,364,2026.31202841871,2462.75721393369,0.822781887290523,469
eo,2007,12,349,2090.29098301087,2620.36882063998,0.797708691443043,471
eo,2008,1,1001,4161.33250740169,5271.58500017064,0.789389245789832,1356
eo,2008,2,427,2236.62046202978,2422.1875677334,0.923388630931971,558
eo,2008,3,436,2685.48221005632,2258.19032982881,1.1892187184505,575
eo,2008,4,336,1911.09506764875,2365.40898482384,0.807934306460361,435
eo,2008,5,259,2619.53078142179,2718.52918518742,0.963583836324053,327
eo,2008,6,195,2156.43552813785,2088.8212806939,1.03236957037392,227
eo,2008,7,213,2123.61104319897,2581.16307416536,0.822734163700858,307
eo,2008,8,55,1530.90302747062,1782.61092572118,0.858798184943962,67
es,2002,10,4,937.75987804088,1013.9188045428,0.924886562749704,5
es,2002,11,22,6312.92789633458,5400.97382747684,1.1688499329914,36
es,2002,12,19,5754.0024649092,4386.17768485781,1.31184892139082,35
es,2003,1,27,5552.27878365663,4411.01147008617,1.25873143185188,53
es,2003,2,29,2590.40300862398,3111.44540683724,0.832540080225001,59
es,2003,3,37,3256.931738425,2997.17279826711,1.08666798934919,96
es,2003,4,19,5503.65842664191,5308.51898506778,1.03675967668629,34
es,2003,5,15,1925.23428374108,4136.70839270485,0.465402465190986,41
es,2003,6,40,2560.97243721758,3416.98475756789,0.749483131742269,113
es,2003,7,56,2872.32573424221,3197.35528710767,0.898344249018543,101
es,2003,8,74,3100.6817972725,3302.90640354101,0.93877373998497,138
es,2003,9,159,5649.10616237309,4830.31235712933,1.16951156461657,318
es,2003,10,111,5794.02952997984,5411.12908062534,1.07076165503526,175
es,2003,11,235,6086.13207629694,7019.42599306288,0.867041276923741,333
es,2003,12,202,7372.55408176418,7400.45385902301,0.996229991053209,242
es,2004,1,205,6663.52913240805,6921.44088081923,0.962737274961647,246
es,2004,2,355,7055.28740005457,7602.06389616008,0.928075256460065,413
es,2004,3,445,5716.28428128914,6241.76067895967,0.915812793104699,735
es,2004,4,292,5633.55236094413,5689.52602366114,0.990161981422665,426
es,2004,5,425,6747.3499310355,7521.21193096842,0.897109401113062,524
es,2004,6,285,3188.71696646669,3693.4046169291,0.863354356533503,459
es,2004,7,299,3516.55569086282,4158.91990767984,0.845545422591372,489
es,2004,8,443,3239.15724469293,4361.57100951703,0.742658376448538,824
es,2004,9,503,3186.83437226779,4183.93562577209,0.76168341420877,938
es,2004,10,700,4527.93770345511,4648.33777365846,0.974098252737647,1148
es,2004,11,739,3555.51686363794,4109.47149298922,0.865200517804705,1281
es,2004,12,732,3499.23755054585,4120.68479507028,0.849188356928469,1172
es,2005,1,658,2730.85391523951,3149.22801726339,0.867150266754124,1079
es,2005,2,578,3147.7676173017,3347.03889069197,0.940463412616912,962
es,2005,3,721,3202.58448458594,3725.83013870429,0.859562665328505,1227
es,2005,4,961,3134.52083773032,3765.91857496459,0.832338983261155,1899
es,2005,5,1268,3271.33756404837,3785.04027826045,0.864280780005815,2648
es,2005,6,1357,2993.69886722037,3572.21190104029,0.838051870984626,2699
es,2005,7,1646,2655.48783979291,3352.01205602318,0.792207126767729,3580
es,2005,8,2010,2723.63428882657,3005.49006821644,0.90621969362982,4032
es,2005,9,1743,2530.1902671303,3083.42950199779,0.820576655146798,3496
es,2005,10,2130,2422.779611477,3145.10121696538,0.770334384918358,4307
es,2005,11,2295,2697.16038817337,3131.62591259943,0.861265190494792,4734
es,2005,12,2624,2938.4908374536,2810.52919355157,1.0455293772417,6214
es,2006,1,3035,2683.91402346323,2872.98559341693,0.934189864931123,6738
es,2006,2,3020,2711.40354712359,3090.2256306891,0.877412807723998,5997
es,2006,3,3209,3661.47258636164,3434.75560193585,1.06600672964854,6387
es,2006,4,3387,3067.97605642254,3550.45056485248,0.864108935016255,6208
es,2006,5,4204,2756.92100065203,3327.71697323181,0.828472199657824,8222
es,2006,6,3915,2823.51550378384,3408.31219742192,0.828420443972116,7872
es,2006,7,3974,2434.89042885739,2966.50718014852,0.820793708220687,8892
es,2006,8,4434,2255.3329620641,3094.8326076762,0.72874150171164,10513
es,2006,9,4977,2614.13183054716,3007.77520723663,0.869124735205485,11175
es,2006,10,4944,2842.26027701972,3262.06387033756,0.871307365519366,10841
es,2006,11,4959,2598.70944148941,3216.73709485657,0.807871257382095,10868
es,2006,12,4558,2268.4478040019,2857.07569174607,0.793975396086046,10231
es,2007,1,5790,2344.09966124427,2796.36431211743,0.838266906456582,13443
es,2007,2,6184,2586.90160612229,2948.68701314775,0.87730627041381,13760
es,2007,3,6369,2463.24175022751,3184.69673287465,0.773461951588739,15267
es,2007,4,6560,2638.86775211156,3092.91885614239,0.853196567659995,15108
es,2007,5,7775,2465.4414100948,3071.56996760915,0.80266490299547,17512
es,2007,6,6893,2405.47536745045,2784.5160601991,0.863875558785053,15899
es,2007,7,6435,2539.34909157181,2900.36653779164,0.87552695788074,15041
es,2007,8,7403,2218.63727286489,2781.27826728152,0.797704170404149,17379
es,2007,9,7813,2418.71706466432,2964.78259029377,0.815815996958029,18461
es,2007,10,8491,2344.66836883112,2958.31335891606,0.79256930702237,19333
es,2007,11,7794,2224.5679002469,2932.12469658134,0.758688026754317,17650
es,2007,12,7356,2300.01889889222,2784.97364075367,0.825867385326417,15665
es,2008,1,8747,2095.152837097,2675.39982684606,0.783117654443041,19072
es,2008,2,8198,1986.99245220421,2583.32715807154,0.769160207214137,18243
es,2008,3,8290,2072.78295969641,2693.22388549535,0.769628908632366,17588
es,2008,4,8375,2335.24755282132,2855.61638131737,0.817773552532996,17581
es,2008,5,7730,2165.82035769691,2780.15507369659,0.779028615413585,15859
es,2008,6,6017,2104.38239448391,2560.67708126279,0.821807017324552,10778
es,2008,7,6251,1943.06634674067,2302.80822013192,0.843781227526348,11081
es,2008,8,2487,2057.66424210619,2439.89765706826,0.843340390177939,4249
fi,2003,11,4,2073.83429459077,2073.83429459077,1,4
fi,2003,12,38,3110.79949635372,3134.5817548359,0.992412940435997,48
fi,2004,1,69,4067.21905622446,3940.04159615754,1.03227820239029,101
fi,2004,2,83,3369.48242958114,3797.83974465926,0.887210271133609,118
fi,2004,3,149,3487.4914948408,3231.08192268925,1.07935718693822,216
fi,2004,4,177,3903.1728781416,3584.79221754433,1.08881425791963,246
fi,2004,5,68,3073.68259062894,3244.11041831849,0.947465466425805,103
fi,2004,6,96,2246.23214492743,2143.85901462519,1.0477518015895,134
fi,2004,7,134,2831.95881151639,3023.21236234581,0.936738300884354,196
fi,2004,8,89,1507.16103926146,2694.15036387137,0.55941979314612,231
fi,2004,9,154,2215.40798959736,2691.62431466675,0.823074742461466,433
fi,2004,10,324,3251.63841402043,3681.59420066323,0.883214780552037,477
fi,2004,11,224,2394.46655753707,2909.34004957025,0.823027393408607,445
fi,2004,12,244,3566.36535488909,3834.61839001722,0.930044398726486,351
fi,2005,1,233,3891.24656515565,3989.03393207691,0.97548595259245,378
fi,2005,2,247,4578.17689201082,3959.36519167078,1.15629063508509,547
fi,2005,3,319,3196.07998752812,3583.95539724259,0.891774487480259,511
fi,2005,4,472,3341.70476290997,3545.30121892075,0.942572875070751,742
fi,2005,5,471,3588.29494081182,3601.66292357728,0.996288385934742,824
fi,2005,6,570,2396.96935333981,2171.81039997123,1.10367339311551,750
fi,2005,7,549,2869.07424050941,2334.03252140541,1.22923490319742,799
fi,2005,8,531,2371.77243290432,2595.13073101189,0.913931774057303,941
fi,2005,9,551,4270.59465726202,4537.91743757716,0.941091308074159,945
fi,2005,10,769,4071.67696916477,4619.50313303713,0.881410154275144,1193
fi,2005,11,637,2745.25918347986,2988.86059893457,0.918496896261557,1108
fi,2005,12,906,3172.50290784891,3187.92410303498,0.995162621603385,1573
fi,2006,1,1213,3220.59508902052,3142.55784108063,1.02483239828389,2070
fi,2006,2,1028,2928.61660640606,2965.41634008168,0.987590365245442,1782
fi,2006,3,1078,3524.26797152161,3394.31341947663,1.03828596124898,1778
fi,2006,4,1002,2955.08167569081,3032.43856951165,0.974490202506132,1723
fi,2006,5,1109,2650.33380026216,2595.40148792756,1.02116524652934,1926
fi,2006,6,827,1882.74587851217,2386.03711893743,0.789068142976171,1429
fi,2006,7,729,2667.35393310894,2778.42845869667,0.960022535314863,1220
fi,2006,8,827,2421.87225580243,2700.71480460923,0.896752315968012,1354
fi,2006,9,1017,1858.26726863582,2098.20839922826,0.885644757365047,1783
fi,2006,10,992,2481.53090303404,2814.06353037229,0.881831869199392,1601
fi,2006,11,1265,2325.82993423634,2722.24154137292,0.854380443060661,2123
fi,2006,12,1071,2156.77759182968,2405.01283628804,0.896784233034907,1818
fi,2007,1,1504,2381.0815395323,2461.56425502015,0.967304239438924,2505
fi,2007,2,1216,2551.20013101189,2761.634790442,0.923800692199262,2020
fi,2007,3,1312,2728.2914465062,2791.95972947887,0.977195844803764,2228
fi,2007,4,1342,2502.89347598657,2734.56252648583,0.915281128789187,2582
fi,2007,5,1303,1831.28196176873,2125.88362367624,0.861421547902955,2326
fi,2007,6,923,1978.81082051818,2220.13948300236,0.891300224903968,1477
fi,2007,7,1048,2042.39991008316,2288.03314877301,0.892644370637034,1832
fi,2007,8,1124,1532.21565894158,1756.24888649628,0.872436515531894,1933
fi,2007,9,1334,1514.93554631497,1755.47406664622,0.862978026903698,2165
fi,2007,10,1225,2233.54269013426,2131.9254783041,1.04766452339178,1826
fi,2007,11,1298,2039.92665687794,2079.59338201546,0.980925730250656,2015
fi,2007,12,1174,1754.01642434476,2016.29825977632,0.869919128204443,1871
fi,2008,1,1493,2306.96087974506,2366.57196215694,0.974811210744867,2288
fi,2008,2,1147,2536.07449068081,2611.97982431601,0.970939540601131,1919
fi,2008,3,1181,2848.22664437037,2817.6601969845,1.0108481666521,1830
fi,2008,4,1099,2482.64072040209,2738.51571713088,0.906564349757733,1657
fi,2008,5,980,2256.25198370374,2508.8781140406,0.89930713296789,1488
fi,2008,6,797,1944.8390214943,2153.34266127826,0.90317210375603,1249
fi,2008,7,756,1930.05685638684,2086.2777092282,0.925119818828359,1128
fi,2008,8,269,1829.91433299624,1950.54720594791,0.93815434326131,386
fr,2002,10,2,4837.72699702269,4837.72699702269,1,2
fr,2002,11,93,5426.07451606747,5934.58102945432,0.914314673460005,107
fr,2002,12,51,3507.45744070928,3494.80406760956,1.00362062446275,58
fr,2003,1,84,4290.72353451177,4480.96894327227,0.957543689508017,113
fr,2003,2,37,4047.78535037974,4385.4905528448,0.922994885430549,47
fr,2003,3,79,2035.5258292191,2182.60589230049,0.932612633549537,99
fr,2003,4,65,4248.98723402298,4047.93330445363,1.04966829106303,92
fr,2003,5,105,3122.90730946319,3161.92202623009,0.987661075623227,138
fr,2003,6,96,2559.30710072648,2928.82602410537,0.873833774919505,144
fr,2003,7,99,3236.66775381015,3553.4008584968,0.910864797612325,143
fr,2003,8,102,4086.69301776681,2704.88337403076,1.51085738372406,182
fr,2003,9,164,3232.44345784671,3624.4051404848,0.8918548927492,213
fr,2003,10,187,2211.14376654701,2713.32239236848,0.814921136082499,285
fr,2003,11,386,4007.51553849566,4262.46728085529,0.940186815390998,533
fr,2003,12,352,3441.39883410084,3500.31632064787,0.983167953650508,505
fr,2004,1,264,3045.4375792316,3398.05325192496,0.896230092187752,442
fr,2004,2,409,2590.64372019886,2793.26852753229,0.92745960320813,683
fr,2004,3,468,3082.36350763137,3557.50656754877,0.866439302107939,638
fr,2004,4,472,3065.31623177863,3191.43206239093,0.960482996928402,781
fr,2004,5,530,3697.93617776891,3688.70266392382,1.00250318734969,830
fr,2004,6,939,2761.99569405203,2554.26469679839,1.08132712224932,1487
fr,2004,7,790,2740.9319253302,2804.23322935148,0.977426519535281,1328
fr,2004,8,759,3498.7578517488,3126.29162089908,1.11913995110367,1468
fr,2004,9,1254,2370.90611171126,2470.2334387559,0.959790307472048,2126
fr,2004,10,998,2594.49727327876,2961.57784993981,0.876052362875245,1719
fr,2004,11,1390,2572.95683121966,2815.20382651671,0.913950459638021,2641
fr,2004,12,1419,3366.0004827438,3363.70635565907,1.0006820235901,2695
fr,2005,1,1303,3046.06224425048,3319.31195664141,0.917678809355595,2234
fr,2005,2,1573,3139.46356358776,3033.1175177698,1.03506163054841,2446
fr,2005,3,1901,2468.59668175589,2627.13236508238,0.939654474424808,3352
fr,2005,4,2162,2657.20416159656,2857.74962532809,0.929823990893357,3880
fr,2005,5,2219,2398.96064784976,2618.46582621275,0.916170310047364,3906
fr,2005,6,2408,2101.74591571997,2354.90839967212,0.892495825320678,4458
fr,2005,7,3292,2050.95095770088,2110.39000595265,0.971835040876752,6153
fr,2005,8,4297,1747.84883741394,1869.48653292661,0.934935238435629,8164
fr,2005,9,3988,1942.08972398605,1966.00189732825,0.987837156528332,7017
fr,2005,10,4547,1877.58025066999,2105.87835473158,0.891590079954692,8334
fr,2005,11,4074,2017.01926218801,2266.72329661221,0.889839207636235,7192
fr,2005,12,5144,2016.95523509326,2243.42109881366,0.899053341416752,10206
fr,2006,1,5583,1900.80032897456,2105.18694112675,0.902912844384831,10723
fr,2006,2,4515,2132.67911757879,2293.94586020431,0.92969897615144,8287
fr,2006,3,5582,1959.09530497828,2178.52654973521,0.899275386483767,10045
fr,2006,4,5270,2014.67895658294,2158.61878157765,0.933318552482197,9545
fr,2006,5,6308,2230.15575892321,2419.41119972569,0.921776240093485,11916
fr,2006,6,5979,1820.75932500191,2164.80504049941,0.841073117873869,12242
fr,2006,7,5732,1780.77814916217,1980.53321940452,0.899140762555647,10444
fr,2006,8,7214,2206.73514309173,2197.52630114974,1.00419054913571,14398
fr,2006,9,7384,1704.93161752422,1974.26140710089,0.863579468955856,14093
fr,2006,10,8102,1815.18196392553,2101.99677377433,0.863551260674014,16420
fr,2006,11,9417,1859.54220623835,2003.58197853125,0.928108870095504,18055
fr,2006,12,7871,1628.28268037469,1752.57303230987,0.9290812139387,13526
fr,2007,1,8899,1542.77938867161,1845.61268511289,0.835917200350864,15551
fr,2007,2,8300,1560.32607604924,1740.07533094323,0.896700302741171,14330
fr,2007,3,9295,1707.03844475599,1820.59725241111,0.937625519589946,16227
fr,2007,4,8320,1646.96654872009,1788.72386507103,0.920749468870472,13680
fr,2007,5,9257,1515.51045374498,1753.80767615214,0.864125795748604,17206
fr,2007,6,8286,1500.32768387601,1671.45065486325,0.89762008798205,14762
fr,2007,7,8189,1423.64457661025,1588.06995482819,0.896462131458355,14576
fr,2007,8,8657,1569.5961999633,1674.0542828974,0.937601734901143,16107
fr,2007,9,7658,1869.59042874169,1921.45427361083,0.973008025441232,14318
fr,2007,10,8989,1721.46182892766,1771.97609066695,0.971492695637744,16092
fr,2007,11,8795,1628.21540401658,1845.88337619612,0.882079239140176,15743
fr,2007,12,7774,1597.94837957549,1746.57751201522,0.914902641642146,13639
fr,2008,1,9640,1713.2329730871,1845.8317970824,0.928163105541419,17254
fr,2008,2,9430,1478.08844588398,1701.94007462455,0.868472672993525,17108
fr,2008,3,14200,1307.45170566798,1518.42563115269,0.861057452432127,25337
fr,2008,4,10892,1503.34382159919,1627.16436914417,0.923904093591903,20417
fr,2008,5,10451,1649.31174063527,1589.16904934545,1.03784537039316,18423
fr,2008,6,8901,1341.68673586931,1464.4698671082,0.916158649627018,14974
fr,2008,7,8339,1399.80260680599,1425.98040218205,0.981642247441825,14253
fr,2008,8,2789,1423.09435348701,1598.6209629446,0.890201233734437,4722
is,2004,1,3,1689.2808464599,1778.88016275578,0.949631617591893,4
is,2004,2,15,1169.92757865431,1736.77308000574,0.6736214374364,23
is,2004,3,6,1397.76705028797,1231.08359097823,1.13539572822776,7
is,2004,4,17,1843.43000182636,2091.19989211148,0.881517835181725,23
is,2004,5,6,1817.96227360124,1817.96227360124,1,6
is,2004,6,4,2969.10289216231,2969.10289216231,1,4
is,2004,7,18,1244.79837273724,1459.75102137514,0.852747046934475,23
is,2004,8,6,2368.66027529718,2716.19410033615,0.872051181837132,7
is,2004,9,8,5201.28408993097,5563.06972598892,0.934966546551126,9
is,2004,10,10,892.224722794461,1024.30881884192,0.871050513655843,12
is,2004,11,15,1787.2301414664,2215.38185091173,0.806736834433701,19
is,2004,12,10,2884.44849799554,2884.44849799554,1,10
is,2005,1,15,688.234423003014,803.855048262978,0.856167320825062,18
is,2005,2,9,3937.70747016003,4110.91655917903,0.957866065504968,10
is,2005,3,28,2521.14270147825,2650.05667608224,0.951354257526834,59
is,2005,4,41,5281.34779174334,5368.16570996742,0.983827265603428,49
is,2005,5,20,2289.36696829022,3156.32365895769,0.725327062639144,36
is,2005,6,52,4490.86402905049,4003.6518724973,1.12169193827766,84
is,2005,7,70,5867.25776265364,5973.99915554483,0.982132338804883,99
is,2005,8,60,5319.16723561221,5446.63502056135,0.976596965930719,82
is,2005,9,51,5349.21908933431,6644.02947974073,0.805116699985361,74
is,2005,10,51,4251.32534190465,4519.99873921468,0.940558966315837,65
is,2005,11,40,2725.94077123951,3170.95782637678,0.859658475607746,47
is,2005,12,48,2347.23259983756,2820.07007738718,0.832331302210863,65
is,2006,1,96,2746.04169772541,3041.99653574872,0.902710330355301,115
is,2006,2,64,3799.78819053029,3664.05969937876,1.03704319860687,92
is,2006,3,48,3537.99365806996,3538.75191473265,0.99978572765739,67
is,2006,4,96,3157.95664192651,3899.54963534637,0.809825989468657,136
is,2006,5,53,2514.16066249489,3325.21251024724,0.756090221225577,86
is,2006,6,54,2580.63832082168,2748.54564416094,0.938910483915021,58
is,2006,7,59,2695.96222121223,3027.63647096537,0.890451098428146,88
is,2006,8,79,4289.17374947745,4448.81015784552,0.964117055413895,92
is,2006,9,46,3793.05785058089,4176.12193091705,0.908272773958005,58
is,2006,10,72,3371.82653137562,3495.83595009819,0.964526533712463,86
is,2006,11,94,3436.4268895903,3568.57585996873,0.962968709209508,108
is,2006,12,90,3101.55805748213,2904.10590027219,1.06799068766447,99
is,2007,1,56,2520.05789968157,2730.66015614439,0.922874966337745,65
is,2007,2,71,2457.30880246044,2699.97321589448,0.910123399741336,96
is,2007,3,92,2663.26991465195,2769.69242931788,0.96157605316048,131
is,2007,4,69,3444.98539010384,3971.18283829217,0.867496040949193,107
is,2007,5,50,1923.78998192024,2091.47248756561,0.91982562207139,71
is,2007,6,58,1695.22724332841,1883.05349440412,0.900254426316683,70
is,2007,7,46,2356.21507315727,2860.3276337598,0.823757056830621,58
is,2007,8,60,2789.49456119175,3351.36333928164,0.832346206242643,82
is,2007,9,44,3346.30601195324,3675.19910444988,0.910510129342809,77
is,2007,10,88,2978.83555439524,3064.26327085796,0.972121286941903,118
is,2007,11,90,2597.82929144245,2822.96944834755,0.920247044459907,138
is,2007,12,64,2720.29453419978,3084.22167799585,0.882003571146499,81
is,2008,1,99,1966.55882835088,2215.98426812787,0.887442594532625,137
is,2008,2,54,2597.66265836128,3001.94253102833,0.865327244446429,67
is,2008,3,64,2108.97321013639,2098.17629516159,1.00514585690425,86
is,2008,4,53,1912.70386833426,2266.48533999101,0.843907452029603,83
is,2008,5,79,3243.21324749576,3022.03152870131,1.07318974560451,108
is,2008,6,66,2202.41930419245,2260.88675588889,0.974139592996352,78
is,2008,7,62,2386.59153132406,2653.56233990578,0.899391544503453,69
is,2008,8,7,1322.97548186511,1375.59829638897,0.961745507636934,9
it,2003,12,41,2219.92918902459,2211.63482144502,1.00375033323727,50
it,2004,1,55,1783.56225025865,2114.99426830345,0.843294129439579,73
it,2004,2,83,2149.2398792938,2365.42116205888,0.908607699029413,116
it,2004,3,133,2375.058448304,2960.80031097579,0.802167724550547,208
it,2004,4,109,2190.11565107367,2469.88060188042,0.886729362304498,165
it,2004,5,135,1643.87867802121,2072.58092829382,0.793155362755592,245
it,2004,6,180,1607.83633123392,1944.08551166737,0.827039922670346,323
it,2004,7,331,762.766309084803,944.105710623774,0.807924685235556,593
it,2004,8,298,1314.69992754107,1464.4173089873,0.897763171380597,497
it,2004,9,301,1021.71818646091,1146.40109217653,0.891239718309317,521
it,2004,10,465,1641.91736328453,1901.20720305179,0.863618316114599,679
it,2004,11,471,1495.37096618983,1782.35646274403,0.83898535306884,737
it,2004,12,574,1615.80604825005,1795.54730326714,0.899896118197476,972
it,2005,1,570,1374.83111150577,1244.38624912519,1.10482666653725,1027
it,2005,2,409,1749.6130440693,1934.18031747241,0.904575973741524,627
it,2005,3,529,1646.19512885864,1933.0712839237,0.851595666724321,823
it,2005,4,870,1527.35785018748,1861.11801954443,0.82066684334256,1477
it,2005,5,1126,1587.47818674171,1960.36402229394,0.809787452069288,2066
it,2005,6,1121,1160.10512999384,1479.79710962495,0.783962289457279,2121
it,2005,7,1011,1379.53398176846,1532.70489993008,0.900064964776576,1959
it,2005,8,1187,1209.93315362911,1481.21413036158,0.816852289502366,2084
it,2005,9,1281,1007.00963928664,1236.55245209747,0.81436872134176,2198
it,2005,10,1427,1477.76116850142,1627.61629035968,0.907929698943266,2520
it,2005,11,1852,1150.0005936541,1262.73856155307,0.91071947010131,2988
it,2005,12,2316,1257.76360353433,1387.08899150452,0.906764894853706,4426
it,2006,1,3380,1043.80320811131,1162.1802134331,0.898142298454643,6719
it,2006,2,2518,1287.295111595,1449.40534779638,0.888153968489322,4715
it,2006,3,2457,1237.49392220651,1414.36722661216,0.874945275118314,4265
it,2006,4,2369,1309.32841767262,1465.77578317246,0.893266509587687,4160
it,2006,5,2717,1242.74130581616,1533.60992925048,0.810337284672854,5204
it,2006,6,2571,1356.74247246761,1648.89402458763,0.8228196914031,4753
it,2006,7,2570,1317.67409162336,1617.08388128156,0.814845851149717,4901
it,2006,8,3181,1259.47997120934,1432.06007951889,0.879488220656549,6083
it,2006,9,3025,1419.9700863957,1654.00241001883,0.858505451862998,5666
it,2006,10,3193,1496.38555087472,1938.47807724442,0.771938340928701,5923
it,2006,11,3623,1899.9052950852,2469.66302418671,0.769297380443579,6386
it,2006,12,3769,1405.15519680914,1739.28786956475,0.807891103823299,6896
it,2007,1,4452,1409.71235027119,1654.94278190021,0.851819389581891,8274
it,2007,2,4863,1712.54997914256,2052.39754034141,0.834414359538592,8431
it,2007,3,4779,1544.29554109609,1785.56851033902,0.864876106491638,9142
it,2007,4,4500,1527.93219041848,1791.38098234423,0.852935364100499,8761
it,2007,5,5032,1286.61168187942,1509.41558537498,0.852390616835848,10444
it,2007,6,4692,1273.34448719563,1489.50355863502,0.854878445783987,9816
it,2007,7,4909,1355.90978978093,1593.45039157059,0.850926892329844,9582
it,2007,8,5757,1180.48726318755,1454.01107037426,0.811883270519869,11341
it,2007,9,5455,1447.35204276244,1660.75184583747,0.871504100019579,10084
it,2007,10,5519,1534.41166588936,1744.17817646574,0.879733324607099,10535
it,2007,11,5291,1323.60152118545,1663.22674935282,0.795803411471389,11758
it,2007,12,4857,1598.36958929028,1985.09269901504,0.805186372446665,9779
it,2008,1,7070,1617.5128418335,1987.24138334916,0.813948851602241,13886
it,2008,2,6629,1322.3651617948,1524.94186279994,0.867157754700769,13206
it,2008,3,6923,1358.30066773809,1532.01820265765,0.886608700459167,13948
it,2008,4,6672,1257.31788873688,1600.20610824747,0.785722465535315,13743
it,2008,5,7305,1521.13172263128,1630.63932601703,0.932843761561163,14178
it,2008,6,7414,1170.77071053741,1275.10143167958,0.91817849266725,14055
it,2008,7,7512,1184.70657302758,1224.86181061939,0.967216515982729,13703
it,2008,8,2363,1195.35244346866,1314.61352355384,0.909280501114289,4242
ja,2002,9,3,8212.9824340123,6562.33791485885,1.25153299640605,6
ja,2002,10,3,2207.21380439379,3549.55650493983,0.621828051285297,5
ja,2002,12,2,6827.46137364214,6822.64297596731,1.00070623623306,3
ja,2003,1,12,5328.24809323891,5328.24809323891,1,12
ja,2003,2,66,11909.463533367,6399.39459272074,1.86102972098546,182
ja,2003,3,28,6802.29339137913,7183.09967361225,0.946985800067339,63
ja,2003,4,44,7488.47635764079,7375.85021967716,1.01526958040216,57
ja,2003,5,19,4677.43113248493,5558.33130087579,0.841517153133341,34
ja,2003,6,44,2629.23937794905,3314.75289557305,0.793193176318053,64
ja,2003,7,51,2698.84036285187,3091.07301151555,0.873107931387436,85
ja,2003,8,112,4008.06541070436,3600.05420627998,1.11333473915827,247
ja,2003,9,211,2487.35150759183,3023.72165833237,0.822612590923345,414
ja,2003,10,168,2687.95889166405,3043.367664424,0.883218588107323,306
ja,2003,11,383,3801.92517387696,4199.00986773033,0.90543373167446,695
ja,2003,12,712,2056.62643917689,2079.30357329249,0.989093880082313,1293
ja,2004,1,623,4136.8942628157,4249.85249186635,0.973420670654608,1099
ja,2004,2,484,2573.22029096911,3100.5421447049,0.8299259196859,988
ja,2004,3,815,2924.03865381739,3878.97067737498,0.753818189674013,1657
ja,2004,4,877,2362.19080792171,2991.47172217274,0.789641697233234,1631
ja,2004,5,898,3598.90297265423,4314.87040940371,0.834069770626454,1785
ja,2004,6,882,2268.43501175362,2980.58418040229,0.761070607120866,2293
ja,2004,7,1017,1907.20079868593,2253.6645864179,0.846266480904038,2360
ja,2004,8,1389,1820.13116057562,2312.8762997386,0.786955688370073,3627
ja,2004,9,1395,1652.33838505097,2172.90435906098,0.760428492013807,3824
ja,2004,10,1348,1669.48243578166,2363.78356042034,0.706275508356943,3402
ja,2004,11,1839,2164.65344358806,2992.57162034837,0.723342234775343,4466
ja,2004,12,2033,2034.83096057201,2495.79005052856,0.81530534194616,4894
ja,2005,1,1760,2491.92695651523,3227.67057739816,0.772051204346876,4210
ja,2005,2,2010,2294.33598475812,2932.2614630653,0.782445908612696,4319
ja,2005,3,2310,1962.92862115452,2580.49079769375,0.760680341471801,5859
ja,2005,4,2272,1816.32513256674,2482.14152925048,0.731757279414766,5079
ja,2005,5,2413,2715.1607069256,3567.64778628017,0.761050661269614,4520
ja,2005,6,3017,2183.46519950378,3006.39421476661,0.726273749722899,6667
ja,2005,7,2876,2101.98244803321,2874.31506877662,0.731298552085267,6679
ja,2005,8,2844,2192.90877839846,2803.75284857348,0.782133410765572,6677
ja,2005,9,2908,2178.86585609235,3019.70569117013,0.72154907760168,6574
ja,2005,10,3177,2006.55281809182,2699.32412279237,0.743353790361456,7622
ja,2005,11,3378,2035.76986073179,2780.40042668196,0.73218585394954,7917
ja,2005,12,3321,2302.35869682805,3076.35275185461,0.748405297617462,7817
ja,2006,1,3659,1912.20645519738,2732.12813278336,0.699896330721987,9286
ja,2006,2,3362,2220.71153435488,2896.76027376406,0.766619024179478,7672
ja,2006,3,3407,1934.38175917152,2835.44354268896,0.682214873986548,8712
ja,2006,4,3185,2000.02168886405,2570.24685799566,0.778143812389959,7763
ja,2006,5,3867,2419.35688812323,3147.90333096161,0.768561367284482,9411
ja,2006,6,3475,2173.64552098984,2979.50738720515,0.729531844869421,8308
ja,2006,7,3651,2420.01465908896,3257.46195753943,0.742914173867115,8488
ja,2006,8,3757,2158.20547592687,2858.62617449014,0.754979960369183,9317
ja,2006,9,4004,2057.76785666428,2782.61125605944,0.739509643031618,9767
ja,2006,10,4195,2025.11330073979,2865.10511318287,0.706819896911244,9975
ja,2006,11,3942,2139.13133079099,2931.72986972291,0.729648168776603,9742
ja,2006,12,3925,2104.51423336873,2968.16739114339,0.709028149708913,8708
ja,2007,1,3646,2222.65847970463,3047.22556507031,0.729403988067862,7709
ja,2007,2,3594,2490.45743894045,3417.45761340531,0.728745670223207,7548
ja,2007,3,3954,1993.55787773481,2713.97960639093,0.734551532016063,8595
ja,2007,4,3329,2043.99172112718,2881.60204015544,0.70932477581704,7331
ja,2007,5,3243,1982.12130802275,2733.24097992138,0.725190834830728,7082
ja,2007,6,3265,2420.48994834165,2845.95222261814,0.850502664487779,6651
ja,2007,7,3332,2546.99213069294,3103.17086392424,0.8207708316364,6589
ja,2007,8,3480,2099.04129822587,2712.48341768172,0.773844840688412,7323
ja,2007,9,4518,1904.72862404953,2321.25382278838,0.82056025297634,8283
ja,2007,10,3186,2141.40319854028,2819.83491767962,0.759407291935513,6377
ja,2007,11,2836,2347.44300642845,3057.65947456823,0.767725453391088,5539
ja,2007,12,2935,2680.9661300959,3234.00877336992,0.828991607002433,5331
ja,2008,1,3000,2538.01353344687,3151.95329396872,0.805219270952834,5702
ja,2008,2,2915,2537.75657859545,3026.71816261849,0.838451564449584,5230
ja,2008,3,3168,3136.96203519092,3655.45861603673,0.85815826813874,5925
ja,2008,4,3127,2801.20189610527,3112.70035549644,0.899926615537816,5815
ja,2008,5,2749,2521.38035422615,3117.97108062281,0.808660596596203,4703
ja,2008,6,2522,2633.72083283046,3281.85404547415,0.802510043511077,4397
ja,2008,7,2506,2793.26559529453,3425.00004491459,0.815551987931195,4614
ja,2008,8,1134,3034.27230479246,3241.3853375691,0.936103544871351,1751
nl,2002,10,53,2501.3377908244,2433.32412692428,1.02795092653197,59
nl,2002,11,45,3777.1456790947,4021.6465232477,0.939203795574864,58
nl,2002,12,49,5935.66824323736,5322.45808521647,1.1152118341193,74
nl,2003,1,50,4226.44703521927,4083.87942832084,1.03490984721776,74
nl,2003,2,42,2167.6592567279,2464.45671231855,0.879568809585045,55
nl,2003,3,28,4258.67598193007,3284.36490632359,1.29665128674666,34
nl,2003,4,61,3577.49384382901,3503.84131563757,1.02102050908034,82
nl,2003,5,75,3799.82175066897,4561.27621020672,0.833061094210024,95
nl,2003,6,78,2613.75504895068,2962.95437503449,0.882144885852402,97
nl,2003,7,295,4282.20840312327,4008.4025075291,1.06830798431042,395
nl,2003,8,263,2322.09471142897,2731.76410829256,0.850034856369919,353
nl,2003,9,424,2678.21314052606,2768.21057783107,0.967488948266526,498
nl,2003,10,171,2825.7989394803,2522.51227410321,1.12023198796324,219
nl,2003,11,327,4071.75844657771,4054.95259174105,1.0041445256033,432
nl,2003,12,228,1815.48890033075,2329.01813752094,0.779508270495135,353
nl,2004,1,251,3222.08139241575,3321.09654855898,0.970186004924733,334
nl,2004,2,304,2254.34751329999,2771.16431154452,0.813501929101966,436
nl,2004,3,443,2397.84966752351,2720.64242084369,0.881354215884025,695
nl,2004,4,354,1941.50525034051,2138.42003545611,0.907915759368765,521
nl,2004,5,269,2352.88041333807,2468.70877420386,0.953081399444073,396
nl,2004,6,452,2545.96195525542,2904.41800068336,0.8765824873198,635
nl,2004,7,383,2561.92726650571,2644.67805617688,0.968710448714958,568
nl,2004,8,501,2210.1893919678,2443.26093541031,0.904606364361419,866
nl,2004,9,515,2445.15414232057,2477.3935532197,0.986986560590169,747
nl,2004,10,653,2915.93952068145,2848.09845749697,1.02381977456078,1038
nl,2004,11,699,2153.38447533993,2654.22628773926,0.8113040268221,1162
nl,2004,12,731,2549.78195941777,2869.14884181364,0.888689329134285,1099
nl,2005,1,801,2786.1209114122,2868.88049605461,0.971152655275737,1243
nl,2005,2,828,2353.82292702725,2550.32594722101,0.922949840820197,1262
nl,2005,3,1059,2271.88593975847,2381.7626660357,0.953867474772323,1624
nl,2005,4,1203,2307.8291864819,2539.57637126342,0.908745731215705,1879
nl,2005,5,1218,1964.63425784665,2232.16001116552,0.88014938356539,2022
nl,2005,6,1258,2514.38628322021,2564.3635860916,0.98051083584931,2003
nl,2005,7,1170,1964.88199624346,2279.20001866701,0.862092830883977,1957
nl,2005,8,1895,1785.26847324532,2072.99114834776,0.861204098564643,3089
nl,2005,9,1249,1543.66526600143,1827.30495057448,0.844777039276405,1954
nl,2005,10,1808,2016.12974465853,2179.68138037398,0.924965347142899,3082
nl,2005,11,1812,2321.41634287991,2359.86053281182,0.983709126282092,3001
nl,2005,12,2440,1637.79258952442,1921.30096957192,0.852439370750611,4514
nl,2006,1,2975,1843.65222273014,2085.43312291659,0.884062021682907,5381
nl,2006,2,2255,2293.82296027504,2292.58143838145,1.00054153884037,3757
nl,2006,3,2552,2162.37844298264,2317.36009713745,0.933121462501122,4191
nl,2006,4,2379,2232.39133317716,2276.86438391574,0.980467413407339,3880
nl,2006,5,2719,2332.91121789715,2438.33329081623,0.956764699347649,4361
nl,2006,6,2667,2113.24699424364,2330.40159399916,0.906816661851461,4580
nl,2006,7,2474,1636.21241412488,1786.19619424464,0.916031743543611,3592
nl,2006,8,2411,1557.47781076397,1778.43022318033,0.875759864212585,3895
nl,2006,9,2829,2047.94489451251,2129.47354818438,0.961714174030767,4371
nl,2006,10,2981,1940.64317142174,2179.59070204609,0.890370457902925,4795
nl,2006,11,3081,2158.10406020858,2286.5025333955,0.943845033490409,4937
nl,2006,12,3093,1842.12857155886,1966.40081104309,0.936802182552852,4996
nl,2007,1,3156,1731.02728232627,1846.86229980838,0.93728010069071,4735
nl,2007,2,2492,1813.96696318235,1852.01295022573,0.979456954100273,3433
nl,2007,3,3204,2214.3292813147,2521.95624462419,0.878020499378121,4635
nl,2007,4,2510,1921.1045466491,2011.84734916173,0.954895781456556,3623
nl,2007,5,2822,1678.52160570506,1759.68810508212,0.95387449676869,4066
nl,2007,6,2482,1748.50679204559,1929.8129479252,0.906049881116958,3551
nl,2007,7,1979,1631.39994408649,1776.84348092228,0.918144992286946,2656
nl,2007,8,2180,1512.89904114374,1681.59216295477,0.89968249999773,3029
nl,2007,9,2570,1626.93364594128,1748.70225301222,0.930366300574507,3669
nl,2007,10,2833,1915.95825675613,1979.0632976694,0.968113682373082,4067
nl,2007,11,2495,1982.38431560987,2000.71999714861,0.990835458452521,3661
nl,2007,12,2340,1849.60546939222,1855.89653913323,0.996610226050667,3263
nl,2008,1,2758,1895.08234666673,2052.63119111755,0.923245420252507,3993
nl,2008,2,2433,1913.7312680932,2009.40965367717,0.952384828345539,3407
nl,2008,3,2856,2202.41206324133,2277.76488297932,0.966918086980327,4079
nl,2008,4,2691,1968.92004755885,2080.36244341035,0.946431259512257,3840
nl,2008,5,2604,1777.55071414091,1823.25778796016,0.974931096347934,3599
nl,2008,6,1999,1676.31612810068,1772.22572820433,0.94588183741084,2768
nl,2008,7,1794,1653.74743238181,1785.82546655424,0.926040905650608,2444
nl,2008,8,695,1342.9489019317,1578.49880885055,0.850775999577487,941
no,2002,12,1,11.1401169900751,11.1401169900751,1,1
no,2003,12,23,3581.58756812021,3447.15951564107,1.03899676004815,34
no,2004,1,61,3025.78305574282,3126.18560242488,0.967883369879198,89
no,2004,2,67,3655.56252346945,3713.81286706868,0.984315218433394,77
no,2004,3,61,2724.20137451937,3104.48081755116,0.877506267430649,92
no,2004,4,39,2265.61961163386,2452.01971811258,0.923980992036149,57
no,2004,5,60,2610.90349803217,2144.90645372926,1.21725751418795,111
no,2004,6,36,5853.01684472026,3215.7079293981,1.82013322516383,105
no,2004,7,83,2227.79416778594,2890.5230482441,0.770723544010225,123
no,2004,8,45,3170.37756549247,3583.1677361737,0.884797419190309,55
no,2004,9,82,1676.42725341992,1798.25134501508,0.932254135700847,104
no,2004,10,277,1798.20346913469,1737.19996829685,1.03511599237344,448
no,2004,11,241,1839.79205611628,2290.4871250538,0.803231782441503,413
no,2004,12,188,3277.17356481252,3830.37617485008,0.855574861375277,278
no,2005,1,164,2937.74159539758,2734.37052627612,1.07437582696535,251
no,2005,2,221,2133.97040692436,2516.48637644155,0.847996010191761,298
no,2005,3,240,2345.49949063846,2716.87004273998,0.863309416254966,350
no,2005,4,314,2943.85477794509,3236.70438352266,0.90952228845229,474
no,2005,5,283,2087.12488854565,2519.62036397043,0.828348952243244,422
no,2005,6,290,2522.35905503716,2743.77614476997,0.919302057438297,408
no,2005,7,296,2311.43608288701,2487.45418334942,0.929237651233681,422
no,2005,8,411,2775.97121708616,2539.4436693032,1.0931414823814,638
no,2005,9,405,2527.83488789439,2549.9372264454,0.991332202878649,523
no,2005,10,367,2600.08334260254,2525.34369161974,1.02959583332392,533
no,2005,11,456,2616.46209087208,2258.19059770038,1.15865423119578,715
no,2005,12,518,3073.14204897546,3501.64572448091,0.877627918635607,860
no,2006,1,623,3500.76504447875,3311.85841641182,1.05703946374362,1085
no,2006,2,533,3211.43667022888,3160.61516594519,1.0160796242552,846
no,2006,3,721,3301.83887101922,3304.97862198559,0.999049993562598,1208
no,2006,4,614,3470.43697897334,3051.56692330908,1.13726392577687,1007
no,2006,5,709,3245.27216968707,3224.59612759212,1.00641197882675,1242
no,2006,6,556,2681.47907770066,2957.76919129437,0.906588345565666,968
no,2006,7,348,3504.24930259406,3055.16991333551,1.14698998811764,555
no,2006,8,416,2139.12046631939,2458.56968107983,0.870067048650768,619
no,2006,9,600,2834.07594136451,2871.66758657771,0.986909471907924,948
no,2006,10,740,2611.84097316885,3137.67215476646,0.832413599745014,1134
no,2006,11,810,3019.59489863066,3055.36822019103,0.988291649653232,1386
no,2006,12,648,2630.6829050387,2908.68963985653,0.904422001230926,1028
no,2007,1,931,2858.48880570444,3025.42504023523,0.944822220907578,1469
no,2007,2,815,3316.50993707304,3402.93875729958,0.974601711523269,1298
no,2007,3,929,2993.61812756188,3182.53208804014,0.940640359546352,1608
no,2007,4,784,3053.50547869296,3108.7904015124,0.982216580830747,1224
no,2007,5,889,3492.87563892421,3489.64985811424,1.00092438523667,1419
no,2007,6,581,2496.27694102504,2675.54321967712,0.932998174974832,880
no,2007,7,442,2730.89457639485,2924.06560024404,0.933937520473868,693
no,2007,8,536,2954.71599377427,2973.32492961511,0.993741371602045,748
no,2007,9,600,2403.57994544344,2671.07517477969,0.899854848017028,899
no,2007,10,723,2745.0623729784,2921.70531757025,0.939541149639708,1133
no,2007,11,719,2943.24847787708,3196.28843921258,0.920833189448371,1127
no,2007,12,583,2801.24457837014,2730.48274597368,1.0259155024879,840
no,2008,1,910,3326.62740921517,3281.06978349801,1.0138849913971,1436
no,2008,2,693,2895.69026687324,3096.53108412603,0.935140060991999,1187
no,2008,3,801,3017.46320329432,3092.26161384135,0.975811098837104,1197
no,2008,4,807,3397.59475913143,3433.48942391119,0.989545718553903,1146
no,2008,5,697,3004.05491069489,3174.79456655407,0.946220250702868,1110
no,2008,6,465,2076.48800885322,2458.65702157769,0.844561885057381,720
no,2008,7,335,2080.24797847676,2359.59463362073,0.881612438355432,445
no,2008,8,183,2152.17496867606,2021.16026443238,1.06482153174552,296
pl,2002,11,6,1968.35096697664,2494.22334596157,0.789163877470565,8
pl,2002,12,224,2521.31515847376,2453.95202494804,1.02745087631742,265
pl,2003,1,87,1617.82879054928,2064.33903634625,0.783703045897312,123
pl,2003,2,61,1679.22671215473,1780.46892924498,0.943137330044182,67
pl,2003,3,34,1471.26120157097,1628.05932549895,0.903690165663999,68
pl,2003,4,47,2140.49718870809,2687.0959992555,0.79658381736311,100
pl,2003,5,50,2373.82156895366,2681.07152250961,0.885400314398049,74
pl,2003,6,60,1791.42167979788,1651.47247702626,1.08474207394823,89
pl,2003,7,55,1676.17619107568,2217.59692687385,0.755852504466889,84
pl,2003,8,49,1235.02743392459,1739.58225812967,0.709956328970866,104
pl,2003,9,77,1307.46172816693,1620.43372691315,0.806859118303829,116
pl,2003,10,147,2657.30550856256,3181.24035908001,0.835304852391295,203
pl,2003,11,202,1858.29153724285,2205.63667653515,0.842519331045062,282
pl,2003,12,126,2638.77963350847,2784.83552750268,0.947553134627959,166
pl,2004,1,118,2553.07296646858,2745.44486707193,0.929930517669248,148
pl,2004,2,165,2062.84263609903,2478.85563485646,0.832175382500032,251
pl,2004,3,205,2372.70357931414,2952.93343226155,0.803507303412856,339
pl,2004,4,304,2465.37382244624,3035.84244427912,0.812088857605935,519
pl,2004,5,197,2125.65330062382,2415.3029549118,0.8800772989165,278
pl,2004,6,235,1620.38633319388,2046.80065933715,0.791667877280552,477
pl,2004,7,355,1107.21125665609,1271.27349947947,0.870946540700676,546
pl,2004,8,282,1829.98249204075,2500.90549919228,0.731727965183722,545
pl,2004,9,427,2535.98824060344,2351.4269616264,1.07848905451411,1022
pl,2004,10,466,2223.48268131565,2544.81032390175,0.873732183664899,810
pl,2004,11,576,1749.26655050014,2291.59420103673,0.763340450813133,1040
pl,2004,12,621,2473.39209738068,3166.41666082186,0.781132858471852,966
pl,2005,1,689,2082.56836835892,2648.21815474068,0.786403629410529,1309
pl,2005,2,532,1737.92419575244,2502.03861453493,0.694603266974549,988
pl,2005,3,811,1777.79655748199,2137.50551652611,0.831715541193682,1537
pl,2005,4,960,1681.31552892195,2066.03872303998,0.813787036115203,2022
pl,2005,5,1129,1936.0755516255,2285.68068047906,0.847045507345195,1999
pl,2005,6,1303,1362.73065354929,1612.79213251979,0.844951203612448,2948
pl,2005,7,1098,1250.27558237866,1704.16780904673,0.733657551645709,2076
pl,2005,8,1135,1384.33152897175,1977.8672431591,0.699911247208211,2261
pl,2005,9,1009,1310.81133292561,1657.86318645074,0.790663152206114,1793
pl,2005,10,1326,1225.25059218883,1688.29417257269,0.725732880023947,2411
pl,2005,11,1284,1529.25216458444,1984.17028057151,0.770726272618074,2408
pl,2005,12,1697,1480.54499573802,1800.13820712612,0.822461847583181,3371
pl,2006,1,2605,1258.07091644007,1705.78307415073,0.737532770435326,5303
pl,2006,2,3010,1857.96887748932,2414.05838485777,0.769645377735465,5197
pl,2006,3,3476,1972.8839061529,2467.82814573921,0.799441366919797,5635
pl,2006,4,3100,1796.52090665559,2263.59690166509,0.793657609857162,5168
pl,2006,5,2765,1496.99292218316,2009.82734350838,0.744836578633661,4830
pl,2006,6,2476,1633.78822168453,2130.66111784533,0.766798721767978,4328
pl,2006,7,2467,1645.7112884595,2050.36601579639,0.802642687101059,4826
pl,2006,8,2738,1903.3616167606,1919.28806489739,0.991701897996411,5448
pl,2006,9,2584,1355.42793869188,1919.69062877226,0.706065820386248,4580
pl,2006,10,2861,1542.95623381585,1996.35574335653,0.772886415134426,5035
pl,2006,11,3118,1734.0602685604,2079.53452031235,0.833869431655285,5904
pl,2006,12,3317,1710.49330357023,2091.9951555197,0.81763731577347,6063
pl,2007,1,3392,1442.71820800563,1849.07267551404,0.780238779746476,6474
pl,2007,2,3419,1326.85943151687,1727.73560635469,0.767975971923382,6708
pl,2007,3,4426,1658.87688308829,2218.74236671313,0.747665392780942,7843
pl,2007,4,3650,1398.68677498618,1857.40566805149,0.753032468374811,6296
pl,2007,5,3928,1484.04554996052,1770.22257500587,0.83833839366533,7081
pl,2007,6,3456,1302.76249464647,1742.58327407308,0.747604154148351,6320
pl,2007,7,3564,1762.11981184632,1937.28416852111,0.909582517876812,6731
pl,2007,8,3349,1504.12292928575,2145.75023143605,0.700977638147154,6295
pl,2007,9,3326,2110.28761020213,1776.14115051729,1.18813057711518,6371
pl,2007,10,3449,1684.61052620273,1875.07092057795,0.898424965005318,6161
pl,2007,11,3129,1414.68180431542,1788.8533896406,0.79083160895575,5667
pl,2007,12,3048,1615.9198560871,1993.15991411353,0.810732668585598,5184
pl,2008,1,2995,1518.04924693747,1804.62762811181,0.841198052877984,4575
pl,2008,2,2887,1679.06084962573,1976.08533545274,0.849690455924081,4554
pl,2008,3,2971,1774.59948530205,2189.72926755214,0.810419585470419,4729
pl,2008,4,2893,1597.1286114816,1821.48451525688,0.876827992828895,4287
pl,2008,5,3029,1613.48552753458,1973.52143612764,0.817566760612695,4610
pl,2008,6,2911,1920.43909590917,2358.43827537669,0.81428423035682,4314
pl,2008,7,2452,1145.84455287245,1502.91272895533,0.762415894680008,4206
pl,2008,8,947,1149.80333416936,1379.96750125505,0.833210443813818,1558
pt,2003,12,12,4856.19830923837,4504.69986300563,1.07802927096639,13
pt,2004,1,27,4711.44774387988,4298.72125010274,1.09601145777184,35
pt,2004,2,69,4491.47319459092,4833.36021260653,0.929265148266026,92
pt,2004,3,106,3681.99183458365,4526.99332901656,0.813341564031754,171
pt,2004,4,122,3790.48191783679,3892.94184719908,0.973680590827215,185
pt,2004,5,105,3947.79761943445,4333.51528612741,0.910991968130877,151
pt,2004,6,228,2906.4039120707,3946.58312828288,0.73643549815084,405
pt,2004,7,124,2975.4049195721,3777.02521335681,0.787764113686633,190
pt,2004,8,203,4618.45218787132,5397.05566647204,0.855735510856853,364
pt,2004,9,268,5130.89231877872,5241.80214377653,0.97884127978209,333
pt,2004,10,284,5087.52678792906,5801.859570325,0.876878650071166,463
pt,2004,11,451,3906.75670905371,4828.77812375727,0.809056993079208,713
pt,2004,12,364,3494.7515910204,3978.98982167052,0.878301214038587,589
pt,2005,1,459,4138.87700096142,4520.76037251839,0.9155267388472,716
pt,2005,2,434,2853.99059988145,3479.18643162407,0.820304015312344,724
pt,2005,3,418,4088.72057182493,4602.74163840112,0.888322850388199,608
pt,2005,4,755,3525.16417653742,4045.63469129645,0.871350095974126,1199
pt,2005,5,738,4054.30693320087,4558.81725820734,0.889333066795299,1133
pt,2005,6,686,4078.01757002613,4415.15885750526,0.923640055010471,1098
pt,2005,7,772,2993.29069674931,3793.3194244836,0.789095344154099,1394
pt,2005,8,959,3879.20507569748,4420.82530546151,0.877484362683386,1711
pt,2005,9,808,3679.86408176998,4260.04896529967,0.863807930787745,1387
pt,2005,10,1147,3262.27559777243,3652.6773942746,0.893119004400962,1809
pt,2005,11,1068,3651.85608365713,4023.64216265297,0.907599616475161,1782
pt,2005,12,1199,3021.95170146785,3558.93391093168,0.849117116838156,2161
pt,2006,1,1754,2939.08727482169,3448.38021325404,0.85230951724092,3295
pt,2006,2,1597,2951.80050768051,3436.37293235027,0.858987242010911,2904
pt,2006,3,1845,3400.52248152078,3689.85156152409,0.921587880927165,3226
pt,2006,4,2204,3268.9533676733,3722.28061517912,0.878212500783204,4615
pt,2006,5,2417,3944.51690483254,4498.20416727705,0.87690926381857,5250
pt,2006,6,2439,3945.12629072427,4226.26059493451,0.933479183809159,5788
pt,2006,7,2320,3253.50822251478,3947.59721094207,0.824174313807044,5338
pt,2006,8,2568,3441.42109817992,4127.37555924369,0.833803720737867,5509
pt,2006,9,2741,3419.83295510215,3858.37878148056,0.886339353595001,5807
pt,2006,10,2920,3509.47543245204,3950.97229612213,0.888256147960487,6218
pt,2006,11,3324,3455.34328350093,3882.33872383269,0.890015923208723,8242
pt,2006,12,2817,2953.73390428391,3606.6970242881,0.818958144915688,6518
pt,2007,1,2808,2744.94930001051,3343.7410035781,0.820921625530558,6433
pt,2007,2,2256,2885.48957628587,3372.83851042666,0.855507777015053,4258
pt,2007,3,2775,3734.8396606347,4142.25556278051,0.901643948334193,4516
pt,2007,4,2399,3192.90149813951,3657.94491947298,0.872867571390202,4216
pt,2007,5,2380,3217.24208970285,3696.52164623776,0.870343094832757,4403
pt,2007,6,2428,3395.99787359181,3689.44152437448,0.920463937741251,4317
pt,2007,7,2516,2961.80826457797,3516.86014050522,0.842174026332617,4756
pt,2007,8,2857,3395.49563693757,3795.29919086204,0.89465822486747,5342
pt,2007,9,2927,3077.7068032388,3543.94866017276,0.868440008126069,5569
pt,2007,10,3058,3375.04305433294,3711.31530693593,0.909392701834161,5841
pt,2007,11,2787,2963.85427112535,3369.60121678562,0.879586063882265,5057
pt,2007,12,2813,2852.10498069078,3266.46716160094,0.873146687105507,4874
pt,2008,1,2654,2499.15060970604,3086.66192441686,0.809661268678844,4896
pt,2008,2,2397,2972.14978485849,3190.43839789411,0.931580370528484,4522
pt,2008,3,2635,2921.87784321735,3375.99992112554,0.86548516335368,4587
pt,2008,4,2809,3228.66756432629,3620.10195123808,0.891871999135848,4754
pt,2008,5,2802,3468.50064061381,3667.15228067886,0.945829454339357,4796
pt,2008,6,2472,3422.06198077323,3718.34451918288,0.920318696430326,4424
pt,2008,7,2118,2635.38111013938,3110.49879132713,0.847253539364007,3868
pt,2008,8,937,3594.68900721996,4027.92009887561,0.892442977760014,1680
ru,2002,11,4,3108.53028856128,3393.41323934964,0.916048258583749,5
ru,2003,1,40,1915.27803384418,2300.71349213309,0.832471335693538,73
ru,2003,2,9,2733.47083986932,3214.48815246667,0.85035959388177,11
ru,2003,3,4,1657.75010151878,1657.75010151878,1,4
ru,2003,4,10,2185.50028803507,3553.6319741393,0.615004678013797,21
ru,2003,5,17,2309.88616287342,2227.26784021533,1.03709402217656,24
ru,2003,6,13,1308.71188399281,1406.90534915986,0.930206061675938,21
ru,2003,7,23,4255.36006220613,4466.82070937336,0.952659696700276,31
ru,2003,8,17,3131.45073367119,4016.07835002875,0.779728496494291,30
ru,2003,9,27,1550.56199753394,1636.953454585,0.947224243420555,30
ru,2003,10,9,608.830782952627,786.165896189831,0.77443041717192,14
ru,2003,11,36,2725.67531362273,3348.18608870919,0.814075216074248,48
ru,2003,12,38,2585.37924449725,2705.85320448198,0.955476535170061,61
ru,2004,1,57,6324.75406157172,6289.33287581012,1.00563194641801,75
ru,2004,2,78,3919.40513176528,4611.07982713176,0.849997241145851,102
ru,2004,3,67,2659.48429351236,2744.66433923109,0.96896522299605,96
ru,2004,4,43,2789.38097244094,3622.58811350291,0.769996721968954,63
ru,2004,5,37,3645.88289844037,3839.06134399514,0.949680813030787,45
ru,2004,6,25,4697.84127788586,4611.57973389843,1.01870542177843,29
ru,2004,7,40,4272.57380913624,4847.5019257899,0.881397031820677,60
ru,2004,8,49,4118.73689907858,3876.07652015733,1.06260464097117,68
ru,2004,9,74,2095.18590933504,2643.45141216461,0.792594824967631,109
ru,2004,10,134,3322.25156568376,3483.740373128,0.953644993556381,182
ru,2004,11,79,3163.70958210323,3355.73798975857,0.942776102234025,98
ru,2004,12,142,3078.7544069993,3062.41569026763,1.00533523805524,169
ru,2005,1,133,2575.63636045112,2708.26332936898,0.951028776456254,186
ru,2005,2,106,2554.98990548944,3093.97697206326,0.825794738797171,165
ru,2005,3,148,2790.91635706622,2716.39521619978,1.0274338359978,201
ru,2005,4,246,3167.49626122898,3909.73077549624,0.810157129253216,453
ru,2005,5,245,2004.32637169329,2692.06417332492,0.744531423713345,589
ru,2005,6,236,2853.11774189084,3116.67675738787,0.915435883791194,396
ru,2005,7,300,3395.1192812694,3149.18049953633,1.07809612112398,484
ru,2005,8,590,4100.1341835896,4411.30318717291,0.929460980036892,962
ru,2005,9,382,3073.27132283401,3833.82782281246,0.801619547061321,653
ru,2005,10,505,3778.03949249492,3905.70053282954,0.967314175968802,668
ru,2005,11,467,3219.18885773036,3495.79806129988,0.920873803715461,656
ru,2005,12,536,3229.61434598198,3687.27983706373,0.875879913837459,835
ru,2006,1,907,3024.04310592326,3185.58375047808,0.94929009650725,1425
ru,2006,2,646,3163.69944905226,3486.29529072284,0.907467436126533,988
ru,2006,3,754,2736.12398154255,3105.80163096468,0.880971905695309,1192
ru,2006,4,739,2602.39035694763,3091.61792662263,0.841756781954796,1189
ru,2006,5,776,2922.05776911158,2998.0738143478,0.974645038800436,1281
ru,2006,6,751,2436.41590819878,2740.92339477128,0.888903320992701,1329
ru,2006,7,745,2698.88816846237,3198.10345230821,0.843902709436889,1307
ru,2006,8,883,2595.77623497231,2930.03216234499,0.885920730950215,1713
ru,2006,9,796,2921.60809928619,2971.59396939733,0.98317876849061,1303
ru,2006,10,947,2662.3174252732,2960.80633400981,0.899186615042004,1608
ru,2006,11,931,2565.61873624059,2925.70548244373,0.87692310508904,1618
ru,2006,12,1139,2413.37588748404,2931.85745723118,0.823155942159345,2140
ru,2007,1,1242,2579.11586948412,2846.23086449017,0.906151325130154,2173
ru,2007,2,1122,2718.89818084879,2903.75718971377,0.936337993576109,2035
ru,2007,3,2277,3765.5982366388,4819.90710346243,0.781259504759698,3526
ru,2007,4,1966,3429.26192685573,4064.78563686076,0.843651359067523,3238
ru,2007,5,2042,2636.1696903545,3022.29322428364,0.872241538039162,3461
ru,2007,6,1741,3032.32225542886,2750.37210385134,1.10251345670017,3215
ru,2007,7,1884,2896.45892468316,2837.05295796837,1.02093932245711,3385
ru,2007,8,1694,2659.80197114507,2758.71287154663,0.964145996699502,3029
ru,2007,9,1759,2765.85610365929,2730.85262295848,1.01281778460197,3139
ru,2007,10,2136,2178.77669299352,2510.80669998181,0.867759630006285,3678
ru,2007,11,2114,2352.23011157814,2665.04449921538,0.882623202828567,3757
ru,2007,12,2077,2187.8260888843,2612.66187592416,0.837393506234102,3754
ru,2008,1,3121,3055.87719795556,3739.83620995266,0.817115249545712,5139
ru,2008,2,2419,2274.61232868713,2665.46833459024,0.853363102899816,4559
ru,2008,3,2871,2495.92664332592,3121.40696962932,0.799615900012653,5207
ru,2008,4,2772,2311.56793105424,2786.69674549956,0.829501069604131,5345
ru,2008,5,2880,2442.24223574253,2885.83680783117,0.846285635111147,5256
ru,2008,6,2373,1980.73308470795,2502.75620958649,0.791420705349165,4494
ru,2008,7,2432,1933.58879849456,2455.33554602386,0.787504910123502,4759
ru,2008,8,1038,1881.86211700064,2208.43166582851,0.85212603410785,1969
sk,2004,1,3,799.237241969886,799.237241969886,1,3
sk,2004,2,2,500.689317147156,457.722461430732,1.09387097933127,3
sk,2004,4,4,933.919928584714,906.144565342559,1.03065224281476,5
sk,2004,5,4,472.154390799569,472.154390799569,1,4
sk,2004,6,6,1323.93388704208,831.987986196064,1.59128966885116,10
sk,2004,7,6,869.78587157334,1527.72159852279,0.569335324194127,11
sk,2004,8,3,5107.34685798552,3955.91654186202,1.29106537105597,6
sk,2004,9,15,4199.81492859732,3311.54746604994,1.26823334759774,18
sk,2004,10,13,1026.38711769248,1274.27031500122,0.805470476404764,18
sk,2004,11,18,1684.78999969067,2160.54238282729,0.779799560092847,24
sk,2004,12,24,1994.17931995271,2989.90265850386,0.666971319043071,37
sk,2005,1,25,1627.01674327352,2244.90295849632,0.724760389804702,49
sk,2005,2,9,1932.01053014376,2266.10894375496,0.852567364630932,16
sk,2005,3,33,2651.04973516697,3624.81120402784,0.731362155419613,54
sk,2005,4,41,4344.86791222891,4405.29558082756,0.986282947990679,48
sk,2005,5,54,3095.21261555815,3230.52301491161,0.958115017683239,97
sk,2005,6,90,1005.18605869511,1393.74723314835,0.721211159949346,129
sk,2005,7,89,1171.3330215744,1810.84622235214,0.646842899808982,157
sk,2005,8,132,1220.03693051607,1313.95127685953,0.928525244430733,215
sk,2005,9,93,740.518997921826,834.513196802986,0.887366432021385,126
sk,2005,10,121,996.033756163006,1477.85253593048,0.673973709789581,260
sk,2005,11,134,607.873977785486,819.988853859129,0.74131980565911,236
sk,2005,12,173,842.420376888575,1334.58181527109,0.631224228630343,314
sk,2006,1,274,845.946690659007,1184.29759870292,0.714302462139177,595
sk,2006,2,246,856.77115425195,1171.38106002607,0.731419675022648,469
sk,2006,3,307,1097.27659784315,1409.77425734293,0.778334965422933,525
sk,2006,4,307,1033.56445073236,1316.69970456161,0.784965962361537,518
sk,2006,5,422,2234.99783509018,3001.33181773922,0.744668690706019,627
sk,2006,6,305,767.057412934925,971.185487147994,0.789815563644267,433
sk,2006,7,268,1697.15698339937,1183.12632630366,1.43446810849155,429
sk,2006,8,277,1087.8385758929,1607.26766409826,0.676824775482072,576
sk,2006,9,251,1787.15449968561,2117.42845725458,0.844021196353811,401
sk,2006,10,244,1270.29745270866,1585.18369764732,0.801356621692484,424
sk,2006,11,269,1058.89615416526,1335.59157612787,0.792829314808346,534
sk,2006,12,349,1001.96043346057,1284.60705703968,0.779974255917246,580
sk,2007,1,341,1067.69139295121,1378.27724715634,0.774656474344382,751
sk,2007,2,298,1042.41889795916,1280.68606723943,0.813953493072765,497
sk,2007,3,363,1805.74812008138,1684.60328513976,1.071912975601,601
sk,2007,4,355,2681.46604617095,2146.29559883445,1.24934610480827,743
sk,2007,5,345,1069.99864987577,1334.35187033417,0.801886424161719,603
sk,2007,6,328,1422.10568778362,1340.41690366097,1.06094281853619,565
sk,2007,7,326,1588.10991840315,1898.33547854183,0.836580223229577,624
sk,2007,8,281,1409.60155146239,1689.77815588086,0.834193261734753,499
sk,2007,9,289,1799.4599206076,1916.59899937778,0.938881801144523,474
sk,2007,10,353,1369.76288546619,1480.69229684661,0.925082738921072,567
sk,2007,11,327,1524.40562421333,1745.96839838067,0.873100352576355,551
sk,2007,12,334,1579.64944584529,2116.27933036252,0.746427668210838,587
sk,2008,1,462,1127.14207728653,1485.75373930757,0.758633175516574,933
sk,2008,2,412,1405.26870944938,1496.13320290896,0.939267109851638,740
sk,2008,3,381,1587.61356439164,1620.60966773381,0.979639697331737,619
sk,2008,4,397,1437.62456513422,1789.60329783711,0.803320248052578,731
sk,2008,5,368,1333.9959102825,1579.53792546078,0.844548199052169,646
sk,2008,6,319,1115.29015584061,1492.03542176562,0.747495762882637,664
sk,2008,7,301,829.10929493077,1167.63597526541,0.710075153981366,511
sk,2008,8,171,1211.89962127337,1278.39866124699,0.947982548801517,231
sv,2002,12,25,1651.22107686148,1847.6350627376,0.893694382707211,32
sv,2003,1,19,1850.29584605803,2050.88618956449,0.90219333255686,29
sv,2003,2,58,2739.29055724066,2674.11188343649,1.02437395166892,84
sv,2003,3,29,2797.12455383759,2707.94262222156,1.03293346427808,52
sv,2003,4,50,3119.08986410807,2978.71036516931,1.0471276095119,79
sv,2003,5,59,2879.01219616184,3220.71449738329,0.8939048147549,101
sv,2003,6,56,1581.7171810367,1879.52555081902,0.841551305512952,96
sv,2003,7,105,2866.47069112583,3856.69275253914,0.743245800236128,201
sv,2003,8,67,1959.92533829419,2334.21989301927,0.839648974012925,94
sv,2003,9,83,1776.69021412153,2337.45670016421,0.760095455028841,137
sv,2003,10,113,3391.68514369774,3795.59875275865,0.893583691171956,140
sv,2003,11,230,5560.87472703386,5549.15324424377,1.00211230115194,269
sv,2003,12,129,3849.05883493342,3968.28073415207,0.969956284041955,151
sv,2004,1,177,3317.75238384518,3348.0930669251,0.990937921236526,274
sv,2004,2,190,5303.52526720891,4964.78206545342,1.06822921878335,259
sv,2004,3,192,3815.08280209942,4062.44421203532,0.939110201389826,260
sv,2004,4,177,3016.25267487353,3075.04818156861,0.980879809608354,230
sv,2004,5,249,2331.7200186069,2305.12693462872,1.01153649440241,326
sv,2004,6,189,2971.02128043972,2816.54247084025,1.05484696616465,251
sv,2004,7,179,3221.8453439246,3234.9632999461,0.995944944407339,234
sv,2004,8,204,3173.15630448704,3558.38436706236,0.891740738819246,279
sv,2004,9,245,3684.57012599587,3791.75411761818,0.971732346481993,373
sv,2004,10,362,3560.62154489589,3594.80188498066,0.990491731901117,537
sv,2004,11,430,3981.3770712873,4107.49705586936,0.969295173467782,670
sv,2004,12,392,4438.31445042069,4258.09615999158,1.04232367792029,519
sv,2005,1,349,3807.73981917928,3888.00748196689,0.979355064731767,529
sv,2005,2,380,3954.41101859279,4095.09605333876,0.965645485987742,499
sv,2005,3,476,3238.95171065505,3370.54961178198,0.960956545286584,663
sv,2005,4,610,4308.06291059796,4200.50440047858,1.02560609390318,870
sv,2005,5,616,3892.92018345995,3574.80317462864,1.088988678059,894
sv,2005,6,754,3225.75349282147,3412.75052336284,0.945206357962227,1138
sv,2005,7,648,3868.00809933666,3849.90782622473,1.00470148219878,922
sv,2005,8,748,2459.55619046137,2416.61040355348,1.01777108417838,993
sv,2005,9,561,3309.44449626615,3288.70642808896,1.00630584353777,798
sv,2005,10,724,3599.24415994752,3528.89592533178,1.01993491338488,1172
sv,2005,11,774,3768.65463025693,3968.48455107595,0.949645785879439,1197
sv,2005,12,1015,3571.88600775818,3504.4921995392,1.01923069146162,1607
sv,2006,1,1332,3319.24452894924,3432.31568263942,0.967056889824533,2389
sv,2006,2,1177,3471.29360086952,3412.92809075718,1.0171013008655,2167
sv,2006,3,1473,3649.64176273378,3585.98912131542,1.01775037214698,2380
sv,2006,4,1129,3930.9534523328,3905.92395394654,1.00640808645569,1904
sv,2006,5,1463,4135.23512489022,3936.66710209858,1.05044064373281,2347
sv,2006,6,853,2801.68407530657,3053.97104435965,0.917390517006038,1419
sv,2006,7,868,3195.44712124669,3396.73979585471,0.94073944820452,1371
sv,2006,8,892,2530.07498854563,2823.14452019612,0.896190389987499,1367
sv,2006,9,1074,3186.44989456313,3468.48104036473,0.918687418925045,1656
sv,2006,10,1449,3926.19129856195,3704.29699290987,1.05990186696067,2428
sv,2006,11,1618,3895.93388208279,3769.33914817405,1.03358539227495,2634
sv,2006,12,1332,4026.63393638624,4057.52633435336,0.992386396187853,2114
sv,2007,1,1568,3627.78669096254,3634.46972890353,0.998161206877626,2168
sv,2007,2,1434,3540.62445219855,3542.88949425091,0.999360679452173,1943
sv,2007,3,1804,4232.86972155522,4432.29305868339,0.955006734778632,2445
sv,2007,4,1389,4131.85257449451,4419.9550968834,0.934817771657446,1917
sv,2007,5,1717,3959.52290304978,3879.57036480071,1.02060860629684,2495
sv,2007,6,1062,3074.59611056995,3202.94094391815,0.959929066568677,1565
sv,2007,7,937,3059.63366999108,2989.24205816777,1.02354831440665,1471
sv,2007,8,976,3764.9277054852,3255.52733836955,1.1564724587356,1578
sv,2007,9,1124,3369.41467312988,3331.40786694384,1.01140863193701,1607
sv,2007,10,1193,3638.30980384185,3764.30908166323,0.966527913864686,1768
sv,2007,11,1263,4070.25908549948,4088.43359056211,0.995554653228418,1837
sv,2007,12,1056,3224.34080014638,3325.5838222798,0.969556316260878,1497
sv,2008,1,1391,3489.33185651337,3671.51670108515,0.950378859908785,2053
sv,2008,2,1273,3674.7055859002,3837.5671423331,0.957561248991234,1808
sv,2008,3,1493,3694.03019493679,3969.09514746682,0.93069832233536,2100
sv,2008,4,1566,3686.82231308977,3597.26859178551,1.02489492208304,2168
sv,2008,5,1194,3450.66689769151,3654.51950620968,0.944219039419055,1714
sv,2008,6,769,2896.5653467938,3153.36812198295,0.918562386231118,1066
sv,2008,7,667,2289.79003421663,2571.35965282404,0.890497769031192,925
sv,2008,8,250,2717.24272085837,2711.18108451283,1.00223579176624,291
tr,2003,12,1,9074.17966403133,9074.17966403133,1,2
tr,2004,1,2,9335.57995943722,9335.57995943722,1,2
tr,2004,2,6,4349.92474789133,4377.41011991659,0.993721088206881,9
tr,2004,3,10,3295.24286329128,2966.34513885527,1.11087641829937,13
tr,2004,4,5,5637.49962970358,4728.08736881713,1.1923425245659,6
tr,2004,5,9,2707.6595102112,2707.6595102112,1,9
tr,2004,6,19,6186.11774143017,6058.40268635536,1.02108064809928,20
tr,2004,7,9,1628.23951388645,2891.56168601481,0.563100390270599,17
tr,2004,8,19,3238.01757094849,3238.01757094849,1,19
tr,2004,9,7,2805.51849800518,3157.58316909419,0.88850185340011,10
tr,2004,10,21,2754.21394228783,2401.1281149288,1.14704997420327,29
tr,2004,11,35,1396.1207422563,1669.20419663153,0.83639901281921,84
tr,2004,12,66,3697.48060561659,3976.87484843543,0.929745276513098,107
tr,2005,1,32,2237.12710467725,2558.70810367391,0.874318997725873,45
tr,2005,2,27,3698.66212034593,3262.53720118785,1.13367661187106,47
tr,2005,3,42,3327.84237571542,3187.55521619099,1.04401089550131,59
tr,2005,4,75,4678.72020338689,4869.80840359505,0.960760632786478,103
tr,2005,5,102,2482.66149955506,2647.34916068563,0.937791484562648,125
tr,2005,6,96,2909.84827600233,2864.81307154544,1.01572011971887,133
tr,2005,7,103,2985.68589104052,2600.25202683448,1.14822942554352,162
tr,2005,8,127,2083.37593298856,2677.2178014122,0.778186941641283,277
tr,2005,9,184,3767.2547795767,3838.90060904422,0.981336888665802,287
tr,2005,10,291,3549.37305324216,3429.03858396392,1.03509277202099,443
tr,2005,11,236,2687.21791591724,3082.89228868861,0.87165481771026,373
tr,2005,12,275,3058.37144750594,2848.19068301857,1.07379448494811,502
tr,2006,1,390,1899.19048424289,2224.67257446722,0.85369438453105,700
tr,2006,2,316,2374.45602139882,2711.78418770363,0.875606559019557,502
tr,2006,3,360,2106.49063004063,2283.272226863,0.922575330815788,602
tr,2006,4,325,1932.57627064645,2357.99468931133,0.819584657847922,529
tr,2006,5,453,2287.58091703852,2483.11222770835,0.921255548384826,792
tr,2006,6,399,2124.32415714063,2306.94335810929,0.920839321725553,690
tr,2006,7,478,2007.05836371189,2258.83697966814,0.88853617227692,896
tr,2006,8,535,2591.6910565983,2689.64387559795,0.963581491256767,957
tr,2006,9,503,2173.7624118325,2443.26675539061,0.889695080177594,917
tr,2006,10,504,2162.32130752237,2482.76739165238,0.870931894301727,881
tr,2006,11,1127,2965.85627578826,2782.8417120675,1.06576535162856,1475
tr,2006,12,1045,2696.10372182209,2748.9102544017,0.980790012152979,1489
tr,2007,1,703,2108.85428454236,2470.51554015782,0.853608993857066,1139
tr,2007,2,677,2639.39690976239,3180.08814651893,0.829976022095991,1185
tr,2007,3,982,2472.69185653697,2701.18645627073,0.915409541905812,2005
tr,2007,4,1115,2261.00059796787,2315.20857989272,0.976586134659472,2007
tr,2007,5,1052,2308.72963293347,2438.08359280616,0.946944411481885,1913
tr,2007,6,848,2355.95971692194,2299.11079593928,1.02472648168286,1407
tr,2007,7,755,2014.09462845625,2264.26842242103,0.88951230715955,1272
tr,2007,8,874,2230.55789291356,2253.39746526652,0.989864383578571,1473
tr,2007,9,828,2155.57884018587,2502.9585662803,0.861212354541422,1519
tr,2007,10,817,1898.19613200881,2106.36974429344,0.901169482305461,1443
tr,2007,11,788,2214.52265725232,2361.42885910199,0.937789274792917,1312
tr,2007,12,990,2114.9244375052,2254.17828476901,0.938224119979896,1666
tr,2008,1,1127,2198.19473781728,2518.73808557605,0.872736530410044,2157
tr,2008,2,1071,2510.73414060298,2638.406110586,0.951610190155803,2271
tr,2008,3,1170,2320.57908468421,2560.1883874613,0.906409503319917,2036
tr,2008,4,1103,2393.38554009306,2776.0145264984,0.862166071988111,2085
tr,2008,5,1112,2832.10446486639,2908.15451287518,0.97384937847281,2136
tr,2008,6,1077,2595.06019160803,2916.13167038814,0.889898154448776,2045
tr,2008,7,1110,2585.81912542379,2739.51269450066,0.943897478779566,2082
tr,2008,8,482,2566.48570093525,2793.50629777034,0.918732742068171,979
zh,2002,12,2,6816.35733877493,6816.35733877493,1,2
zh,2003,2,2,5287.24509210558,5287.24509210558,1,2
zh,2003,3,6,3799.09918308368,3782.81197437673,1.00430558241257,9
zh,2003,4,13,6360.10543392687,4988.16850945696,1.27503820728367,27
zh,2003,5,16,3144.39497836771,3062.95278047428,1.0265894395802,19
zh,2003,6,21,5532.50911705719,5586.25424996275,0.990379039245139,23
zh,2003,7,28,5286.66096591323,4805.11902686573,1.10021436229887,53
zh,2003,8,33,4290.58899281109,4732.27599112104,0.906664996052919,65
zh,2003,9,36,2844.73503383313,4209.93038199726,0.675720208105565,66
zh,2003,10,58,4303.93598852803,5298.83507376592,0.812241922726838,100
zh,2003,11,62,4683.61600223484,5055.98539154723,0.926350778240986,93
zh,2003,12,44,4897.49542928086,4681.28686455439,1.04618571153235,55
zh,2004,1,52,5704.2621033393,4831.98792256896,1.18052077007398,88
zh,2004,2,97,3996.07008730561,4274.53267540932,0.934855431166625,139
zh,2004,3,108,2894.62963205751,3576.8995915032,0.809256608414057,200
zh,2004,4,128,3540.31140793822,3754.6885183182,0.942904155874958,173
zh,2004,5,190,3113.65732998819,4195.14399510265,0.742205114680932,390
zh,2004,6,88,2650.88514491173,3845.18825460723,0.689403214975363,236
zh,2004,7,144,3593.5244042225,4194.77642746824,0.856666491375173,243
zh,2004,8,140,3513.81619208614,4274.35556051156,0.822069231803825,237
zh,2004,9,207,3540.79241572234,4154.50365646178,0.852278083860898,357
zh,2004,10,209,3443.82070388867,4359.60349602917,0.789938971978846,388
zh,2004,11,190,4281.73192731299,3435.48272873922,1.24632613969925,409
zh,2004,12,231,2631.84392886148,2952.22786405753,0.891477233483017,440
zh,2005,1,299,4066.62483853553,4489.87230352573,0.905732850206487,564
zh,2005,2,305,2898.55292851719,3757.79251787337,0.771344589870426,614
zh,2005,3,365,3696.75222351259,3855.12365692547,0.958919233854308,649
zh,2005,4,556,4113.21106180367,4768.63903822876,0.862554500105645,924
zh,2005,5,529,3573.10776927489,4269.15603028083,0.836958814325615,1117
zh,2005,6,535,4004.14189606462,4427.44900849053,0.904390290748885,1238
zh,2005,7,571,3885.02532453177,4510.29575793426,0.861368196907586,1137
zh,2005,8,647,3285.2801068814,4124.4003587097,0.796547333224747,1515
zh,2005,9,568,2919.2242814634,3582.94965393803,0.81475447980545,1185
zh,2005,10,641,2969.48576652109,3664.29339725669,0.810384280020869,1364
zh,2005,11,370,3960.69444414881,4281.34751455937,0.925104638359737,639
zh,2005,12,508,4795.82241153638,5130.9451444275,0.934685964581967,1083
zh,2006,1,575,4656.66902062704,5211.37601213755,0.893558440185746,1348
zh,2006,2,526,4565.03716835113,4879.33277081522,0.935586356326426,933
zh,2006,3,548,3843.60259184002,4965.56977737143,0.774050665717293,1146
zh,2006,4,479,4328.52164779547,4338.68540342256,0.997657411247409,891
zh,2006,5,600,4170.06219346662,4672.12309532791,0.892541165629102,1107
zh,2006,6,481,5142.24663162264,4990.45004568682,1.0304174141703,949
zh,2006,7,448,4517.87249694222,5428.94907538073,0.832181778501096,816
zh,2006,8,587,5803.11138543011,5186.07785247117,1.11897884114195,1225
zh,2006,9,633,4799.42838552054,5360.81140093236,0.895280215358037,1267
zh,2006,10,605,4617.83987388115,5264.50003005339,0.877165893725776,1254
zh,2006,11,768,4349.57165784879,5019.88942660679,0.866467622731861,1566
zh,2006,12,600,4294.83184008526,4946.48576553436,0.868259213442069,1128
zh,2007,1,594,4681.52614878963,4923.61091367283,0.950831865245295,1001
zh,2007,2,574,3805.16147575876,4779.29341424494,0.796176577988969,1127
zh,2007,3,720,4596.9300563434,5094.0550313008,0.902410756871926,1465
zh,2007,4,824,4555.5109769861,5169.15267045792,0.881287759794982,1577
zh,2007,5,734,4764.63688337407,5391.27008278831,0.883768909776052,1395
zh,2007,6,676,4345.16890953019,5311.90180945238,0.818006255649924,1359
zh,2007,7,897,5229.45144423024,6543.99465225863,0.799122206254451,1933
zh,2007,8,840,3843.7397824565,5314.05577284736,0.723315664486705,1839
zh,2007,9,774,3745.37491063994,5481.80729633671,0.68323724424659,1901
zh,2007,10,803,4269.87105164708,5343.81911697502,0.799029862010773,1645
zh,2007,11,831,3882.29300419474,4937.62111796041,0.78626790339847,1756
zh,2007,12,848,3424.07833859158,4962.42393706144,0.690001173220842,1995
zh,2008,1,874,4531.50648790888,4831.4862347471,0.937911497153644,1866
zh,2008,2,803,4669.82072856617,4929.37414591306,0.947345563622497,2536
zh,2008,3,761,3724.61160929801,5159.59951464932,0.721879982879088,1932
zh,2008,4,679,3576.40694967878,5014.31962611534,0.713238727553846,1465
zh,2008,5,749,3728.36347930162,4784.38833147544,0.779276935940491,1514
zh,2008,6,681,4415.44711136286,5307.90224094752,0.831862930198702,1242
zh,2008,7,620,4467.13697800391,4770.83319859712,0.936343148470897,1071
zh,2008,8,374,3612.00141416708,4046.96388277997,0.892521287263353,664
